ID;Author;Country;Title;Url;;;
1;"AA n.s.			";; = American Anthropologist, new series. Washington, 1899 ff.;http://onlinebooks.library.upenn.edu/webbin/serial?id=amanthro;;;
2;;;;;;;
3;"AA o.s.			";; = American Anthropologist, old series. 11 vols. Washington, 1888-1898.;http://onlinebooks.library.upenn.edu/webbin/serial?id=amanthro;;;
4;;;;;;;
5;"*Aarne, Antti.		";;Vergleichende M‰rchenforschungen (MSFO XXV). Helsingfors, 1907.;https://de.wikisource.org/wiki/Vergleichende_M%C3%A4rchenforschungen ;;;
6;;;;;;;
7;Africa. London, 1928 ff.;;;;;;
8;;;;;;;
9;"Alarcon, J. de Canedo	and Ricardo Pittini.";;El Chaco Paraguayo y sus tribos. Turin, 1924.;;;;
10;;;;;;;
11;"*Alexander N. Am.	= Alexander, H. B.";;North American Mythology (The Mythology of all Races X). Boston, 1916.;https://archive.org/details/in.ernet.dli.2015.282275;;;
12;"*Alexander N. Am.	= Alexander, H. B.";;"				*Lat. Am. = Latin American Mythology (The Mythology of all Races XI). Boston, 1920.";http://archive.org/stream/themythologyofal11alexuoft#page/n9/mode/2up;;;
13;;;;;;;
14;*Alphabet ;; = Banks, M. M. An Alphabet of Tales, an English 15th century translation of the Alphabetum Narrationum of Etienne de Besanáon (EETS Nos. 126, 127). 2 vols. London, 1904--05.;https://archive.org/details/alphabetoftalese01londuoft;;;
15;;;;;;;
16;"*Ananikian, Mardiros H.	";;Armenian Mythology (The Mythology of all Races VII). Boston, 1925.;https://archive.org/details/themythologyofal07alexuoft;;;
17;;;;;;;
18;"*Anderson, W.		";;Nordasiatische Flutsagen (Acta et Commentationes Universitatis Dorpatensis B IV iii [1923]).;;;;
19;;;;;;;
20;"Andree, R.		";;Die Flutsagen. Braunschweig, 1891.;;;;
21;"Andree, R.		";;"				Ethnographische Parallelen und Vergleiche. Stuttgart, 1878.";;;;
22;"				Neue Folge, Leipzig, 1889.";;;;;;
23;;;;;;;
24;"*Andrejev, A. N.	";;Ukazatel' Skazocnik Sjuzhetov po Systeme Aarne (Gosud. russ. geogr. obscestvo, otd. etnogr. skazocnaya komissiya). Leningrad, 1929.;;;;
25;;;;;;;
26;"Anesaki, Masaharu.	";;Japanese Mythology (The Mythology of all Races VIII). Boston, 1928.;http://archive.org/stream/mythologyofallra08gray#page/n13/mode/2up;;;
27;;;;;;;
28;Anssaga Bogsveigis (FAS II 324 ff.).;;;;;;
29;;;;;;;
30;"*Arfert, P.		";;Das Motiv von der unterschobenen Braut. Rostock, 1897.;;;;
31;;;;;;;
32;"Argonautica of Apollonius Rhodius	";;(ed. G. W. Mooney). London, 1912.;;;;
33;;;;;;;
34;"Arnason, Jon.		";;Islenzkar pjoethsîgur og ëfintyri. 2 vols. Leipzig, 1862--64.;;;;
35;;;;;;;
36;"Arv.				";;(Tidskrift for Nordisk Folkminnesforskning). Uppsala, 1944 ff.;;;;
37;;;;;;;
38;"ASB				";; = Altnordische Saga-Bibliothek (ed. G. Cederschi"ld and E. Mogk). 18 vols. Halle a. S., 1892--1929.;;;;
39;;;;;;;
40;"Asbjornsen, P. Chr .	and Moe, J. Norske";S;Folkeeventyr. 3d edition. Kristiania, 1896.;;;;
41;;;;;;;
42;Asmundarsaga Kappabana (FAS II 460 ff.).;;;;;;
43;;;;;;;
44;"Auning, R.		";;Ueber den lettischen Drachenmythus (Magazin der lettischlitterÑrischen Gesellschaft XIX 1--128). Mitau, 1891.;;;;
45;;;;;;;
46;"Azov, R. F. 		and D. C. Phillott.";;"Some Arab Folktales from Hazramut. Journal and Proceedings, Asiatic Society of Bengal (n. s.), II, 399-439, III, 645-680."; ;;;
47;;;;;;;
48;;;;;;;
49;"Babrius			";; = Babrii Fabulae Aesopeae (ed. O. Crusius). Lipsiae, 1897. Baldus, Herbert. Ensaios de Etnologia Brasileira. Sao Paulo, 1937.;;;;
50;;;;;;;
51;"Balys, Jonas.		";;*Ghosts and Men, Lithuanian Folk Legends about the Dead (Sub-title: A Treasury of Lithuanian Folklore I). Bloomington, Indiana, 1951.;;;;
52;Balys, Jonas.;;"				*Lithuanian Historical Legends. Chicago, 1949.";;;;
53;Balys, Jonas.;;"				*Motif-Index of Lithuanian Narrative Folklore. Tautosakos Darbai Vol. II, Publication of the Lithuanian Folklore Archives. Kaunas, 1936.";;;;
54;Balys, Jonas.;;"				*Lithuanian Folk Legends. Publication of the Lithuanian Folklore Archives I. Kaunas, 1940.";;;;
55;;;;;;;
56;Balzac, HonorÈ de.;F;Contes drolatiques. Paris (many editions).;;;;
57;;;;;;;
58;"BAM				";; = Bulletin of the American Museum of Natural History (New York).;http://digitallibrary.amnh.org/handle/2246/7;;;
59;;;;;;;
60;"Baring-Gould, S.	";;Curious Myths of the Middle Ages. 2 vols. London, 1868.;http://www.gutenberg.org/files/36127/36127-h/36127-h.htm;;;
61;;;;;;;
62;"*Barker, W. H. 	and Sinclair, C.";;West African Folk-tales. London, 1917.;https://archive.org/details/westafricanfolkt00barkrich;;;
63;;;;;;;
64;"Barrett, W. E. H.	";;A'Kikuyu Fairy Tales (Man XII, XIII).;https://archive.org/details/mananth13a14royauoft;;;
65;;;;;;;
66;"Barroso, Gustavo.	";;Mythes, Contes et LÈgendes des Indiens: Folklore Bresilien. Paris, 1930.;;;;
67;;;;;;;
68;"Barto, Philip Stephan.	";;TannhÑuser and the Mountain of Venus. New York, 1916.;;;;
69;;;;;;;
70;"Basden, G. T.		";;Among the Ibos of Nigeria. London, 1921.;https://archive.org/details/amongibosofniger00basd;;;
71;;;;;;;
72;"?Basile, G.		";It;The Pentamerone (trans. and edited by Benedetto Croce and N. M. Penzer). 2 vols. London, 1932.;http://burtoniana.org/books/1893-Pentamerone/index.html;;;
73;;;;;;;
74;"Baskerville, Rosetta Gage.	";;King of the Snakes and other Folklore: Stories from Uganda. London, 1922.;https://catalog.hathitrust.org/Record/001277120 ;;;
75;;;;;;;
76;"Basset, RenÈ.		";;Contes populaires d'Afrique. Paris, 1903.;https://fr.wikisource.org/wiki/Contes_populaires_d%E2%80%99Afrique_(Basset);;;
77;"				*Mille et un contes, rÇcits et lÇgendes arabes. 3 vols. Paris, 1925--27.";;;http://gallica.bnf.fr/ark:/12148/bpt6k9709449x;;;
78;;;;;;;
79;*Bateman, G. W.;;Zanzibar Tales. Chicago, 1901.;http://folkmasa.org/yashpeh/mb_bookp.php?mishtane=81;;;
80;;;;;;;
81;"?Baughman, Ernest Warren.	";;A Comparative Study of the Folktales of England and North America. (Indiana University dissertation.) Ann Arbor, Michigan. Microfilm Service. 1954.;;;;
82;;;;;;;
83;"BBAE				";;;https://archive.org/details/bulletin1331943smit;;;
84;;;;;;;
85;"Beal				";;;;;;
86;;;;;;;
87;"Beauvois, E.		";F;L'autre vie dans la mythologie scandinave (Reprint from MusÇon). Paris, 1883.;;;;
88;;;;;;;
89;"Bebel. 			";;See Wesselski.;;;;
90;;;;;;;
91;"Beckwith, Martha.	";;Hawaiian Mythology. New Haven, 1940.;;;;
92;;;;;;;
93;"*BÈdier, Joseph.	";F;Les Fabliaux. 2d edition. Paris, 1893.;http://gallica.bnf.fr/ark:/12148/bpt6k5531462t;;;
94;;;;;;;
95;"Bender, C. J.		";;Die Volksdichtung der Wakweli. ZsES Beiheft IV (1922), 38 ff.;;;;
96;;;;;;;
97;"Benedict, Ruth.	Zu§i";;Mythology. 2 vols. New York, 1935. (All references are to Volume II.);;;;
98;;;;;;;
99;"BÈranger-Feraud, L. J. B.	";;Recueil de Contes Populaires de SÈnÈgambie. Paris, 1879.;https://archive.org/details/recueildecontesp00bere;;;
100;;;;;;;
101;Biblioteca Africana (D. A. Drexel ed.);;Innsbruck, 1924--31.;;;;
102;;;;;;;
103;"*Bin Gorion, M. J.	";;Der Born Judas: Legenden, M‰rchen und ErzÑhlungen. 6 vols. Leipzig, 1918 ff. (Vols. 1--4 cited are second edition, 5 and 6 are first edition).;;;;
104;;;;;;;
105;"BladÈ, J. F.		";F;Contes populaires de Gascogne (Les LittÈratures Populaires, Nos. 19, 20, 21). 3 vols. Paris, 1886.;https://archive.org/details/contespopulaire00bladgoog;;;
106;;;;;;;
107;"*Bleek, W. H. I.	";;Reynard the Fox in South Africa or Hottentot Fables and Tales. London, 1864.;https://archive.org/details/reynardfoxinsou02bleegoog;;;
108;;;;;;;
109;"*Bleek, W. H. I.,	and Lloyd, L. C.";;Specimens of Bushman Folklore. London, 1911.;https://archive.org/details/specimensofbushm00bleeuoft;;;
110;;;;;;;
111;"Blinkenberg, Chr.	";;The Thunder Weapon in Religion and Folklore. Cambridge, 1911.;https://archive.org/details/cu31924029910951;;;
112;;;;;;;
113;Bloomfield, Maurice,;;Studies in Honor of. New Haven, 1920.;https://archive.org/details/studiesinhonorof00bloouoft;;;
114;;;;;;;
115;"BMB				= Bishop Museum Bulletin.";;;https://archive.org/details/bernicepbishopmu16192223bern;;;
116;;;;;;;
117;"Boas, Franz.		";;Indianische Sagen von der Nord-Pacifischen KÅste Amerikas. Berlin, 1895.;https://archive.org/details/cihm_02419;;;
118;;;;;;;
119;"?Boberg, Inger M.	";;Motif-Index of Early Icelandic Literature (Biblioteca Arnamagnëana). Kobenhavn 1956.;;;;
120;;;;;;;
121;"Bodker, Laurits.	";;Christen Nielssen, De Gamle Vijses Exempler oc Hoffsprock. Kobenhavn, 1951, 1953.;;;;
122;;;;;;;
123;"Boekenoogen, G. J.	";;Een Schone ende Miraculeuse historie van den Ridder Metter Swane. Leiden, 1931.;;;;
124;;;;;;;
125;"Boje, Christian.	";;öber den altfranzîsischen roman von Beuve de Hamtone (Beiheft zur Zeitschrift fÅr RomÑnische Philologie XIX). Halle a. S., 1909.;;;;
126;;;;;;;
127;"*Bolte, J.		";;Jakob Freys Gartengesellschaft (Bibliothek des Literarischen Vereins in Stuttgart, No. 209). TÅbingen, 1896.;;;;
128;"*Bolte, J.		";;"				*Martin Montanus SchwankbÅcher (Bibliothek des Literarischen Vereins in Stuttgart, No. 217). TÅbingen, 1899.";;;;
129;"*Bolte, J.		";;"				*Valentin Schumanns NachtbÅchlein (Bibliothek des Literarischen Vereins in Stuttgart, No. 197). TÅbingen, 1893.";;;;
130;"*Bolte, J.		";;"				*Georg Wickrams Werke (Bibliothek des Literarischen Vereins in Stuttgart, Nos. 222, 223, 229, 230, 232, 236, 237, 241). 8 vols. TÅbingen, 1901--08.";;;;
131;"*Bolte, J.		";;"				See BP.";;;;
132;"*Bolte, J.		";;"				See Fischer.";;;;
133;"*Bolte, J.		";;"				See Pauli.";;;;
134;;;;;;;
135;BÛsasaga;; (ed. O. L. Jiriczek). Strassburg, 1893.;;;;
136;;;;;;;
137;"Bourhill, E. J.	and Drake,";;J. B. Fairy Tales from South Africa. London, 1908.;https://archive.org/details/fairytalesfroms00hollgoog;;;
138;;;;;;;
139;"Bouveignes, Olivier 	de";; Contes d'Afrique. Paris, 1927.;;;;
140;;;;;;;
141;*BP = Polivka,;;G. Anmerkungen zu den Kinder- und HausM‰rchen der BrÅder Grimm. 5 vols. Leipzig, 1913--31.;;;;
142;;;;;;;
143;"Broderius, John R.	";;The Giant in Germanic Tradition (University of Chicago dissertation). Chicago, 1933.;;;;
144;;;;;;;
145;"Brown, A. C. L.	Iwain";;: a Study in the Origins of Arthurian Romance (Harvard Studies and Notes in Philology and Literature VIII). Boston, 1903.;https://archive.org/details/cu31924027271588;;;
146;;;;;;;
147;"Brown Collection	";; = The Frank C. Brown Collection of North Carolina Folklore. 5 vols. Durham, N. C., 1952--.;;;;
148;;;;;;;
149;"Bryan, William F.	and Dempster, Germaine.";;Sources and Analogues of Chaucer's Canterbury Tales. Chicago, 1941.;;;;
150;;;;;;;
151;"Bugge, Sophus.		";;Norr¢ne Skrifter af Sagnhistorisk Indhold. Christiania, 1864.;;;;
152;;;;;;;
153;"Burton, R. F.		";;Arabian Nights: The Book of the Thousand Nights and a Night. London, 1894. (SI, SII, etc. refers to Supplementary Volumes).;;;;
154;;;;;;;
155;Book of the Sword. London, 1884.;;;;;;
156;;;;;;;
157;"BÅttner, C. G  ";;Lieder und Geschichten der Suaheli. Berlin, 1894.;;;;
158;;;;;;;
159;;;;;;;
160;"Caldwell, J. R.	Egar and Grime.";;Cambridge (Mass.), 1933.;;;;
161;;;;;;;
162;"*Callaway, H.		";;Nursery Tales, Traditions, and Histories of the Zulus. Vol. I. Natal and London, 1868.;https://archive.org/details/nurserytalestra00callgoog;;;
163;;;;;;;
164;"Campbell, J. F.	";;Popular Tales of the West Highlands. 4 vols. 2d edition. London, 1890--93.;https://archive.org/details/populartalesofwe03campuoft;;;
165;;;;;;;
166;"*Campbell, K. 		";;The Seven Sages of Rome. Boston, 1907.;https://archive.org/details/sevensagesofrome00camp;;;
167;;;;;;;
168;"Campbell-McKay		";; = John G. McKay, More West Highland Tales, transcribed and translated from the original Gaelic manuscript of John Francis Campbell. Edinburgh and London, 1940.;;;;
169;;;;;;;
170;"Cappelle, H. van.	";;Mythen en Sagen uit West Indiâ. Zutphen, 1926.;;;;
171;;;;;;;
172;"Cardim, Fer§ao.	";;Tratado da terra e gente do Brasil. Rio de Janeiro, 1925.;;;;
173;;;;;;;
174;"*Carnoy, Albert J.	";;Iranian Mythology (The Mythology of all Races VI). Boston, 1917.;http://archive.org/stream/themythologyofal06alexuoft#page/n9/mode/2up;;;
175;;;;;;;
176;"CarriËre			= J. M. CarriËre,";;Tales from the French Folk-Lore of Missouri. Evanston and Chicago, 1937.;;;;
177;;;;;;;
178;"Carrington, Hereward	and Fodor, Nandor.";;Haunted People: Story of the Poltergeist down the Centuries. New York, 1951.;;;;
179;;;;;;;
180;"Casati, Gaetano.	";;Ten Years in Equatoria and the Return with Emin Pasha (London, New York, 1891).;https://archive.org/details/tenyearsinequat02casagoog;;;
181;;;;;;;
182;"*Catalogus		= Catalogus van Folklore in de Koninklijke Bibliotheek. 3 vols. 'sGravenhage, 1919--22.";;;;;;
183;;;;;;;
184;"CColl			= Colorado College Publications, Language Series.";;;;;;
185;;;;;;;
186;"Les Cent Nouvelles Nouvelles.	2 vols. (ed. Pierre Champion). Paris, 1928.";F;;;;;
187;;;;;;;
188;Chantepie de la Saussaye. See Saussaye.;F;;;;;
189;;;;;;;
190;"Charpentier, Jarl.	";;Kleine BeitrÑge zur indoiranischen Mythologie (Uppsala Universitets èrsskrift). Uppsala, 1911.;;;;
191;;;;;;;
192;"*Chatelain, Heli.	";;Folk-Tales of Angola (MAFLS I). Boston and New York, 1894.;https://archive.org/details/folktalesangola00chatgoog;;;
193;;;;;;;
194;"*Chauvin, Victor.	";F;Bibliographie des ouvrages arabes. 12 vols. Liäge, 1892--1922.;https://archive.org/details/bibliographiede02chaugoog;;;
195;;;;;;;
196;"*Chavannes, êdouard	";F;Cinq cent contes et apologues extraits du Tripitaka chinois. 4 vols. Paris, 1910--34.;https://archive.org/details/cinqcentscontese01chavuoft;;;
197;;;;;;;
198;;;;;;;
199;;;;;;;
200;"*Child, Francis James.	";;The English and Scottish Popular Ballads. 5 vols in 10. Boston, 1882--98.;https://archive.org/details/englishscottishp1904chil;;;
201;;;;;;;
202;"?Childers, J. W.	";;Motif-Index of the Cuentos of Juan Timoneda. Bloomington, Ind., 1947.;;;;
203;;;;;;;
204;"Christensen, Arthur	";;Dumme Folk (DF No. 50). Kobenhavn 1941. Molboernes vise Gerninger (DF No. 47). Kobenhavn, 1939.;;;;
205;;;;;;;
206;"*Christiansen, R.	";;Th. Norske Eventyr (Norske Folkeminder II). Kristiania, 1921.;;;;
207;;;;;;;
208;"CI				= Publications of the Carnegie Institution of Washington.";;;;;;
209;;;;;;;
210;"*Clark, Mrs. K. M.	";;Maori Tales and Legends. London, 1896.;https://archive.org/details/cu31924029908393;;;
211;;;;;;;
212;"*Clodd, Edward.	";;Tom-Tit-Tot. London, 1898.;https://archive.org/details/tomtittotanessa02clodgoog;;;
213;;;;;;;
214;"*Clouston, W. A.	";;The Book of Noodles. London, 1888.;https://archive.org/details/bookofnoodlessto00clouuoft;;;
215;"*Clouston, W. A.	";;"				A Group of Eastern Romances and Stories. Glasgow, 1889.";https://archive.org/details/groupofeasternro00clou;;;
216;"*Clouston, W. A.	";;"				*Popular Tales and Fictions. 2 vols. Edinburgh, London, 1887.";https://archive.org/details/populartalesfict02clouuoft;;;
217;;;;;;;
218;"CNAE				= Contributions to North American Ethnology. Washington, 1877--93.";;;https://archive.org/details/contributionston31877powe;;;
219;;;;;;;
220;"*Codrington, R. H.	";;The Melanesians: studies in their Anthropology and Folklore. Oxford, 1891.;https://archive.org/details/melanesiansstudi00codruoft;;;
221;;;;;;;
222;"Cole, Fay Cooper.	";;Traditions of the Tinguian. FM XIV. Chicago, 1915.;https://archive.org/details/traditionsofting141cole;;;
223;;;;;;;
224;"*Conzemius, E.		";;Ethnographical survey of the Miskito and Sumu Indians of Honduras and Nicaragua. BBAE CVI, 1932.;;;;
225;;;;;;;
226;"Cook, A. B.		";;Zeus: a study in ancient religion. 3 vols. Cambridge, 1914 ff.;https://archive.org/details/p2zeusstudyinanc02cookuoft;;;
227;;;;;;;
228;"Corpus Poeticum Boreale	(edited by G. Vigf£sson and F. Y. Powell). 2 vols. Oxford, 1883.";;;;;;
229;;;;;;;
230;"*Cosquin, E.		";F;Contes populaires de Lorraine. 2 vols. Paris, 1887.;https://archive.org/details/contespopulaires00cosq;;;
231;"				*Etudes folkloriques. Paris, 1922.";F;;;;;
232;"				*Les contes indiens et l'occident. Paris, 1922.";F;;;;;
233;;;;;;;
234;"Coster-Wijsman, L. N.	";;Uilespiegel-Verhalen in Indonesiâ. Santpoort, 1929.;;;;
235;;;;;;;
236;"*Cowell, E. B.	and others.	";;The Jataka or Stories of the Buddha's Former Births. 6 vols. and index. Cambridge, 1895--1913.;https://archive.org/details/jatakaorstoriesofb01cowe;;;
237;;;;;;;
238;"*Cox, Marian R.	";;Cinderella (PFLS XXXI). London, 1893.;https://archive.org/details/cinderellathreeh00coxmuoft;;;
239;;;;;;;
240;"*Coyajee, J. C.	";;Some Shahnameh Legends and their Chinese Parallels. JPASB XXIV (1928).;;;;
241;;;;;;;
242;"*Crane, T. F.		";;Liber de Miraculis Sanctae Dei Genetricis Mariae. Ithaca (N.Y.) and London, 1926.;;;;
243;;;;;;;
244;*The Exempla of Jacques de Vitry (PFLS XXVI). London, 1890.;;;https://archive.org/details/theexempla00vitruoft;;;
245;;;;;;;
246;"Crawley, Ernest.	";;The Mystic Rose. London, 1902.;https://archive.org/details/mysticrosestudyo00crawuoft;;;
247;;;;;;;
248;"?Cross			";; = Tom Peete Cross. Motif-Index of Early Irish Literature. Bloomington, Indiana, 1952.;;;;
249;;;;;;;
250;"CU				= Columbia University Contributions to Anthropology.";;;;;;
251;;;;;;;
252;"*Curtin, Jeremiah.	";;Seneca Indian Myths. Boston, 1923.;http://folkmasa.org/yashpeh/mb_bookp.php?mishtane=60 , https://archive.org/details/senecalegendymyth00curtrich ;;;
253;;;;;;;
254;"*Cushing, Frank H.	";;Zu§i Folk Tales. New York and London, 1901.;https://archive.org/details/zuifolktales00cushrich;;;
255;;;;;;;
256;;;;;;;
257;"*Dania.			";;10 vols. Kobenhavn, 1890--1903.;;;;
258;;;;;;;
259;"*Danske Studier.	";;Kobenhavn, 1904 ff.;;;;
260;;;;;;;
261;"*Davenport, William	";;Marshallese Folklore Types (JAFL LXVI 219--237).;;;;
262;;;;;;;
263;"Dawkins, Richard M.	";;Forty-five Stories from the Dodekanese. Cambridge (England), 1950.;;;;
264;;;;;;;
265;Modern Greek Folktales. Oxford, 1953.;;;;;;
266;;;;;;;
267;"Day, Lal Behary.	";;Folk-Tales of Bengal. London, 1912.;https://archive.org/details/folktalesofbenga00dayluoft;;;
268;;;;;;;
269;"*De Cock, Alfons.	";;Studien en Essays over oude Volksvertelsels. Antwerp, 1919.;;;;
270;"				*Volkssage, Volksgeloof en Volksgebruik. Antwerp, 1918.";;;;;;
271;"				*Volksgeneeskunde in Vlaanderen. Gent, 1891.";;;;;;
272;;;;;;;
273;"De la Saussaye. 	See Saussaye.";F;The religion of Teuton, Vos, Bert John, 1867;https://archive.org/details/religionofteuton00chan;;;
274;;;;;;;
275;"Dennett, R. E.		";;The Folk-lore of the Fjort (French Congo) (PFLS XLI). London, 1898.;https://archive.org/details/cu31924006487999 , http://folkmasa.org/yashpeh/mb_bookp.php?mishtane=42;;;
276;;;;;;;
277;"Desparmet, J.		";F;Contes populaires sur les ogres, recueillis Ö Blida. 2 vols. Paris, 1909--10.;;;;
278;;;;;;;
279;"Deutschbein, M.	Studien zur Sagengeschichte Englands. Gîthen, 1906.";;;;;;
280;;;;;;;
281;"De Vries, Jan.		";;De Sage van het ingemetselde Kind. Nederlandsch Tijdschrift voor Volkskunde XXXII (1927) 1--13.;;;;
282;"De Vries, Jan.		";;StudiÎn over Faerˆsche Balladen. Haarlem, 1915.;;;;
283;"De Vries, Jan.		";;"				*Volksverhalen uit Oost Indiâ. 2 vols. Leiden, 1925, 1928.";;;;
284;;;;;;;
285;"*De Vries's list	";;"= De Vries, Jan. ""Typen-Register der Indonesische Fabels en Sprookjes"" (Volksverhalen uit Oost-Indiâ II 398 ff.)";;;;
286;;;;;;;
287;"DF				= Danmarks Folkeminder. Kobenhavn, 1908--";;;;;;
288;;;;;;;
289;*Dh†ó D‰hnhardt, Oskar. Natursagen. 4 vols. Leipzig, 1909ó12.;;;;;;
290;;;;;;;
291;"*Dickson, Arthur.	";;Valentine and Orson, a study in late Medieval Romance. New York, 1929.;;;;
292;;;;;;;
293;"Dieterich, Albrecht	";;Mutter Erde: ein Versuch Åber Volksreligion. 2d ed. Berlin, 1913.;;;;
294;;;;;;;
295;"*Dixon, Roland B.	";;Oceanic Mythology (The Mythology of all Races IX). Boston, 1916.;http://archive.org/stream/mythologyofall09gray#page/n7/mode/2up;;;
296;;;;;;;
297;"Dobie, J. Frank.	";;Coronado's Children. Dallas (Texas), 1930.;;;;
298;;;;;;;
299;"Dunlop-Liebrecht	";; = Dunlop, J. Geschichte der Prosadichtungen (tr. and revised by F. Liebrecht). Berlin, 1851.;;;;
300;;;;;;;
301;"*Dunlop-Wilson		";; = Dunlop, J. History of Prose Fiction. New edition revised by H. Wilson. 2 vols. London, 1888.;https://archive.org/details/historyofprosefi01dunl;;;
302;;;;;;;
303;"Durkheim, êmile.	";F;Les formes ÈlÈmentaires de la vie religieuse. Paris 1912.;http://classiques.uqac.ca/classiques/Durkheim_emile/formes_vie_religieuse/formes_vie_religieuse.html;;;
304;;;;;;;
305;;;;;;;
306;"EETS				= Early English Text Society Publications. London, 1864 ff.";;;http://www.gutenberg.org/wiki/Early_English_Text_Society_(Bookshelf) , ;;;
307;;;;;;;
308;"Ebding, F.		";;Duala M‰rchen (ZsES XVIII, 142--47).;;;;
309;;;;;;;
310;"Eberhard, Wolfram.	";;Chinese Fairy Tales and Folk Tales. London, 1937.;;;;
311;"Eberhard, Wolfram.	";;"				*Typen chinesischer VolksM‰rchen (FFC CCXX, 1937).";;;;
312;"Eberhard, Wolfram.	";;"				*and Boratav, Pertev. Typen tÅrkischen VolksM‰rchen. Weisbaden, 1953.";;;;
313;;;;;;;
314;Egils saga einhenda ok Asmundar Berserkjabana (in Lagerholm, Drei Lygisîgur, Halle, 1927 pp. 1 ff.).;;;;;;
315;;;;;;;
316;"Ehrenreich, Paul.	";;Die Mythen und Legenden der sÅdamerikanischen Urvîlker. Berlin, 1905.;https://archive.org/details/diemythenundleg00ehregoog ;;;
317;;;;;;;
318;"*Einstein, C. 		";;Afrikanische Legenden. Berlin, 1925.;;;;
319;;;;;;;
320;"Eisler, R.		";;Weltenmantel und Himmelszelt. 2 vols. MÅnchen, 1910.;https://archive.org/details/weltenmantelundh01eisl;;;
321;;;;;;;
322;"*Ellis (Yoruba)	= Ellis, A. B.";;The Yoruba-speaking Peoples of the Slave Coast of West Africa. London, 1894.;https://archive.org/details/yorubaspeakingp00elligoog;;;
323;;;;;;;
324;"*Ellis (Vai)		";; = Ellis, G. W. Negro Culture in West Africa. New York, 1914.;https://archive.org/details/negrocultureinwe017267mbp;;;
325;;;;;;;
326;"Ellis, T. P. and Lloyd, J.	";;The Mabinogion. 2 vols. Oxford, 1929.;http://folkmasa.org/yashpeh/mb_bookp.php?mishtane=114;;;
327;;;;;;;
328;"?Emeneau, M. B.	";;Kota Texts. 4 vols. Berkeley and Los Angeles, 1944--46.;https://catalog.hathitrust.org/Record/000869172;;;
329;;;;;;;
330;"Encyc. Rel. Ethics	";; = Hastings, J. Encyclopaedia of Religion and Ethics. 12 vols. New York, 1908-22.;https://archive.org/details/encyclopaediaofr02hast;;;
331;;;;;;;
332;"Engert, Rolf.		";;Die Sage vom Fliegenden Hol‰nder (Meereskunde, Bd. XV, 7, Heft 173). Berlin, 1927.;;;;
333;;;;;;;
334;"Equilbecq, F. V.	";F;Contes indigËnes de l'Ouest Africain FranÁais. 3 vols. Paris, 1913--16.;http://gallica.bnf.fr/ark:/12148/bpt6k754508;;;
335;;;;;;;
336;"Erminy Arismendi,	";;Santos. Huellas Folkloricas. Caracas, 1954.;;;;
337;;;;;;;
338;"*Espinosa, Aurelio M.	";;Cuentos populares espaÒoles. 3 vols. 2d edition. Madrid, 1946--47.;;;;
339;;;;;;;
340;"Espinosa, Aurelio M., Jr.	";;Cuentos populares de Castilla y Leon. (In press.);;;;
;;;;;;;
;"Espinosa, Aurelio M., Jr.	";;Porto-Rican Folk-Lore. Riddles  - The Journal of American Folklore  - 1916 - vol 19.;https://archive.org/details/jstor-534388 ;;;
;;;;;;;
;"Espinosa, Aurelio M., Jr.	";;New-Mexican Spanish Folk-Lore  - The Journal of American Folklore - 1910 - vol 23,;;;;
341;;;;;;;
342;*Eyrbyggja saga (ed. H. Gering).;;;;;;
343;;;";;;;
";;;;;;;
344;;;;;;;
345;"FAS				= Rafn, C. C. Fornaldar Sîgur Nordrlanda. 3 vols. Kobenhavn, 1829--30.";;;;;;
346;"	*Fb				= Feilberg, H. F. Bidrag til en Ordbog over jyske AlmuesmÜl. 4 vols. Kobenhavn, 1886--1914.";;;;;;
347;;;;;;;
348;"*Feilberg, H. F.	";;Nissens Historie (DF No. 18). Kobenhavn, 1919.;;;;
349;"				*Jul. 2 vols. Kobenhavn, 1904.";;;;;;
350;"				Festskrift til (Svenska LandsmÜl ock svenskt Folkliv). Stockholm, 1911.";;;;;;
351;;;;;;;
352;"*Ferguson, John C.	";;Chinese Mythology (Mythology of all Races VIII). Boston, 1928.;http://archive.org/stream/mythologyofallra08gray#page/n13/mode/2up;;;
353;;;;;;;
354;"*FFC				= FF Communications, published by the Folklore Fellows. Helsinki, 1907 ff.";;;https://de.wikisource.org/wiki/Folklore_Fellows%E2%80%99_Communications;;;
355;;;;;;;
356;"*Field, John E.	";;The Myth of the Pent Cuckoo. London, 1913.;https://archive.org/details/mythofpentcuckoo00fieliala;;;
357;;;;;;;
358;"Fischer, H. and	Bolte, J.";;Die Reise der Sˆhne Giaffers (Bibliothek des Litterarischen Vereins in Stuttgart No. 208). TÅbingen, 1895.;https://archive.org/details/diereisedershn00crisuoft ;;;
359;;;;;;;
360;"*FL				= Folklore. London, 1890 ff.";;;https://en.wikisource.org/wiki/Folk-Lore;;;
361;;;;;;;
362;"Flateyarb¢k		";;(ed. Vigf£sson and Unger). 3 vols. Christiania, 1860--68.;;;;
363;;;;;;;
364;"*FLJ				= Folklore Journal. 8 vols. London, 1883--89.";;;http://folkmasa.org/motiv/motif_bib.htm;;;
365;;;;;;;
366;"?Flowers, Helen	L. A";;Classification of the Folktales of the West Indies by Types and Motifs. (Indiana University Ph. D. thesis, 1952.) Microfilm Service, Ann Arbor, Michigan, 1953.;https://catalog.hathitrust.org/Record/000725392;;;
367;;;;;;;
368;"*FLR				= Folklore Record. 5 vols. London, 1878--82.";;;https://en.wikisource.org/wiki/Folk-Lore_Record;;;
369;;;;;;;
370;"FM				= Publications of the Field Columbian Museum, Anthropological Series, Chicago, 1895 ff.";;;https://archive.org/details/jstor_pubfcmanthroser;;;
371;;;;;;;
372;"FMS				= Fornmannasîgur Nordrlanda. 12 vols. Kobenhavn, 1925--37.";;;;;;
373;;;;;;;
374;"FochF			= Folkminnen och Folktankar. Lund.";;;;;;
375;;;;;;;
376;"Folklore Studies	(The Catholic University of Peking). 6 vols. Peiping, 1942--47.";;;https://nirc.nanzan-u.ac.jp/nfile/1193;;;
377;;;;;;;
378;"Fox, William S.	";;Greek and Roman Mythology (Mythology of all Races I). Boston, 1916.;https://archive.org/details/greekandromanmy01foxgoog;;;
379;;;;;;;
380;"*Frazer, J. G.		";;Apollodorus: the Library (Loeb Classical Library). London and New York, 1921.;https://archive.org/details/library00athegoog;;;
381;"*Frazer, J. G.		";;"				*The Belief in Immortality and the Worship of the Dead. 2 vols. London, 1913.";https://archive.org/details/beliefinimmortal00frazuoft;;;
382;"*Frazer, J. G.		";;"				*The Fasti of Ovid. 5 vols. London, 1929.";https://archive.org/details/ovidsfasti00oviduoft;;;
383;"*Frazer, J. G.		";;"				*Folklore in the Old Testament. 3 vols. London, 1918.";https://archive.org/details/folkloreinoldte00frazgoog , https://archive.org/details/folkloreintheold027451mbp , https://archive.org/details/folkloreinoldtes03fraziala;;;
384;"*Frazer, J. G.		";;"				*The Golden Bough. 3d edition. 12 vols. London, 1907--15.";https://archive.org/details/TheGoldenBough-Part1-TheMagicArtAndTheEvolutionOfKingsVol.1;;;
385;"*Frazer, J. G.		";;"				*Myths of the Origin of Fire. London, 1930.";https://archive.org/details/pausaniassdescri01pausuoft , ;;;
386;"*Frazer, J. G.		";;"				*Pausanias's Description of Greece. 6 vols. London, 1898.";;;;
387;;;;;;;
388;"Frey.			";;See Bolte.;;;;
389;;;;;;;
390;"Frobenius, Leo.	Atlantis:";;Volksdichtung und VolksM‰rchen Afrikas. 12 vols. Jena, 1921--28.;;;;
391;"				Erlebte Erdteile. Frankfurt a. M., 1925 ff.";;;;;;
392;"				and Fox, Douglas C. African Genesis. New York, 1937.";;;;;;
393;;;;;;;
394;"FSS				= Fornaldarsîgur Sudrlanda (ed. G. Cederschiîld). Kobenhavn, 1901.";;;;;;
395;;;;;;;
396;;;;;;;
397;"Gantenbein, B.		";;Sprichwîrter und Fabeln der Kamerun-Neger (Mitteilungen der ostschweizerischen Geograph-Commerciellen Gesellschaft II). St. Gallen, 1909.;;;;
398;;;;;;;
399;"*Gaster, Moses.	";;"BeitrÑge zur vergleichenden Sagen- und M‰rchenkunde (Gruz' Monatschrift fÅr Geschichte und Wissenschaft des Judentums, XXIX, XXX). Bukarest, 1880, 1881. (Separate reprint, 1882 also included in Studies and Texts in Folklore, cited below)."; ;;;
400;"				*The Exempla of the Rabbis. London, Leipzig, 1924.";;;;;;
401;"				*Studies and Texts in Folklore, Magic, Medieval Romance, Hebrew Apocrypha and Samaritan Archaeology. 3 vols. London, 1925--28.";;;;;;
402;;;;;;;
403;"?Gaster, Theodor H.	";;The Oldest Stories in the World. New York, 1952.;;;;
404;"					?Thespis. New York, 1950.";;;;;;
405;;;;;;;
406;Gautreks Saga (ed. W. Ranisch, Palaestra XI). 1900.;;;;;;
407;;;;;;;
408;"Gayton, A. H. and Newman, Stanley S.	";;Yokuts and Western Mono Myths. Berkeley (Calif.), 1940.;;;;
409;;;;;;;
410;"*Gerould, Gordon H.	";;The Grateful Dead (PFLS LX). London, 1908.;https://archive.org/details/gratefuldeadhist00gerouoft ;;;
411;;;;;;;
412;"*Gifford, E. W.	Tongan";;Myths and Tales. BMB VIII. Honolulu 1924.;;;;
413;;;;;;;
414;"Giles, Herbert A.	";;Strange Stories from a Chinese Studio. New York, 1927.;;;;
415;;;;;;;
416;"Gilgamisch		";; = Ungrad, A. and Gressman, H. Das Gilgamesch-Epos. G"ttingen, 1911.;;;;
;;;;;;;
;Goddard, Pliny Earle;;Myths and tales from the White Mountain Apache;https://archive.org/details/mythstalesfromwh00godd ;;;
417;;;;;;;
418;"*Golther, Wolfgang.	";;Zur deutschen Sage und Dichtung. Leipzig, 1911.;;;;
419;;;;;;;
420;Gˆngu HrÛlfs saga (FAS III 235 ff.).;;;;;;
421;;;;;;;
422;"Gonzenbach, Laura.	";;Sicilianische M‰rchen. 2 vols. Leipzig, 1870.;https://archive.org/details/sicilianischem00gonz ;;;
423;;;;;;;
424;"Graf, Arturo.		";;Miti, Leggende e Superstizioni del Medio Evo. 2 vols. Torino, 1892--93.;https://archive.org/details/mitileggendeesu03grafgoog ;;;
425;;;;;;;
426;"?Graham (Chinese)	";; = Graham, David Crockett. Songs and Stories of the Ch'uan Miao (Smithsonian Miscellaneous Publications CXXIII No. 1). Washington, D. C., 1954.;;;;
427;;;;;;;
428;"*Gray, Louis H.	";;Baltic Mythology (Mythology of All Races III). Boston, 1918.;https://archive.org/details/mythologyofallra11gray ;;;
429;;;;;;;
430;"Grenfell			= Johnson, Sir Harry.";; George Grenfell and the Congo, II. London, 1908.;https://archive.org/details/georgegrenfellco02johnuoft ;;;
431;;;;;;;
432;Grettis saga (ed. R. C. Boer). ASB VIII. Halle, 1900.;;;;;;
433;;;;;;;
434;GrÌmssaga Loinkinna (FAS II 143 ff.).;;;;;;
435;;;;;;;
436;"*Grinnell, G. B.	";;Pawnee Hero Stories and Folk-Tales. New York, 1889.;https://archive.org/details/pawneeherostorie01grin ;;;
437;;;;;;;
438;"*Grote, George.	";;History of Greece. 3 vols. London, 1888.;https://archive.org/details/in.ernet.dli.2015.173414;;;
439;;;;;;;
440;"Grundtvig, S.		";;Danmarks gamle Folkeviser. 8 vols. Kobenhavn, 1853--.;https://archive.org/details/danmarksgamlefo03denmgoog ;;;
441;;;;;;;
442;"Grunwald, M.		";;Spaniolic-Jewish Folktales and Their Motifs, Edoth II (1947), pp. 225--243 (in Hebrew).;;;;
443;;;;;;;
444;"GSCan			= Publications of the Geological Survey of Canada, Anthropological Series.";;;;;;
445;;;;;;;
446;Gull-p¢ris Saga (ed. Kr. Kaalund). Kobenhavn, 1898.;;;;;;
447;;;;;;;
448;"Gunnlaugs saga Ormstunga	(ed. E. Mogk). Altnordische Texte I, 1886.";;;;;;
449;;;;;;;
450;"*GÅ¸nter, H.		";;Die christliche Legende des Abendlandes. Heidelberg, 1910.;https://archive.org/details/diechristlichele00gnuoft;;;
451;;;;;;;
452;"G¸Åntert, H.		";;Der arische Weltkînig und Heiland. Halle, 1923. *Kalypso. Halle, 1919.;;;;
453;;;;;;;
454;"Gutmann, Bruno.	";;Volksbuch der Wadschagga. Leipzig, 1914.;;;;
455;;;;;;;
456;;;;;;;
457;"*Hackman, O.		";;Die Polyphemsage in der VolksÅberlieferung. Helsingfors, 1904.;;;;
458;;;;;;;
459;"Haddon, A. C.		";;Reports of the Cambridge Anthropological Expedition to Torres Straits. 6 vols. Cambridge (Eng.), 1901--35.;;;;
460;;;;;;;
461;"*Hagen, Friedrich Heinrich von der.	";;Gesammtabenteuer. 3 vols. Stuttgart and TÅbingen, 1850.;;;;
462;;;;;;;
463;H·lfdanar saga BrˆnufÛstra (FAS III 559 ff.).;;;;;;
464;;;;;;;
465;H·lfdanar saga Eysteinssonar (ed. F. R. Schrˆder). Halle, 1917.;;;;;;
466;;;;;;;
467;H·lfs saga ok H·lfsrekka (ed. A. Le Roy Andrews). Halle, 1909.;;;;;;
468;;;;;;;
469;"Halm, K. von.		";;Aisopeion Mython Synagoge. Lipsiae, 1852.;;;;
470;;;;;;;
471;"?Halpert, Herbert N.	";;Folktales and Legends from the New Jersey Pines. (Indiana University Ph. D. thesis). Typewritten ms. Indiana University Library. Bloomington, Ind., 1947.;http://www.worldcat.org/title/folktales-and-legends-from-the-new-jersey-pines-a-collection-and-a-study/oclc/4850230 ;;;
472;;;;;;;
473;"*Handbook of South American Indians	(ed. Julian H. Steward). BBAE CXLIII. 6 vols. Washington, D. C., 1946--50.";;;;;;
474;"*Handy, E. S. C.	";;Marquesan Legends. BMB LXIX. Honolulu 1930.;;;;
475;;;;;;;
476;"Harris, J. R.		";;Boanerges. Cambridge (Eng.), 1913.;;;;
477;"				The Cult of the Heavenly Twins. Cambridge, 1906.";;;;;;
478;"				Picus who is also Zeus. Cambridge, 1916.";;;;;;
479;;;;;;;
480;"Harris, Joel C.	";;*Uncle Remus: his Songs and Sayings. New York, 1880.;https://archive.org/details/uncleremushisson01harr;;;
481;"				*Uncle Remus and his Friends. Boston, 1892.";;;;;;
482;"				*Nights with Uncle Remus. Boston, 1883.";;;;;;
483;;;;;;;
484;"*Hartland, E. S.	";;The Legend of Perseus. 3 vols. London, 1894 ff.;https://archive.org/details/legendofperseuss01hart , https://archive.org/details/legendofperseuss02hart , , https://archive.org/details/legendofperseuss03hart ;;;
485;"*Hartland, E. S.	";;"				*Primitive Paternity. 2 vols. London, 1909.";;;;
486;"*Hartland, E. S.	";;"				*The Science of Fairy Tales. London, 1891.";https://archive.org/details/scienceoffairyta00hartiala;;;
487;;;;;;;
488;"Hatt, Gudmund.		";;*Asiatic Influences in American Folklore. Kobenhavn, 1949.;;;;
489;"				The Corn Mother in America and Indonesia. (Anthropos XLVI [1951] pp. 853--914.)";;;;;;
490;;;;;;;
491;"*Hdwb. d. Abergl.	= BÑchtold-StÑubli, H. and others. Handwîrterbuch des deutschen Aberglaubens. 10 vols. Berlin, 1927 ff.";;;;;;
492;;;;;;;
493;"*Hdwb. d. MÑrch.	= Mackensen, L. and others. Handwîrterbuch des deutschen M‰rchens. Berlin, 1931 ff.";;;;;;
494;;;;;;;
495;"*Heepe, M.		Jaunde-Texte. Hamburg, 1919.";;;;;;
496;;;;;;;
497;"Heiethreks saga.		See Hervararsaga ok Heiethreks konungs.";;;;;;
498;;;;;;;
499;"*Held, T. v.		";;M‰rchen und Sagen der africanischen Neger. Jena, 1904.;https://archive.org/details/bub_gb__QsyAQAAMAAJ_2;;;
500;;;;;;;
501;"Heptameron.		";F;See Marguerite de Navarre.;;;;
502;;;;;;;
503;"*Herbert, J. A.	";;"Catalogue of Romances in the Department of Manuscripts in the British Museum. London, 1910. (Vol. 3 only for vols. 1 and 2 see Ward, H. L. D.)"; ;https://archive.org/details/catalogueromanc00wardgoog;;
504;;;;;;;
505;"Herrmann, Paul.	";;ErlÑuterungen zu den ersten neun BÅchern der dÑnischen Geschichte des Saxo Grammaticus. 2 vols. Leipzig, 1901, 1922.;;;;
506;;;;;;;
507;"Nordische			Mythologie. Leipzig, 1903.";;;;;;
508;;;;;;;
509;"Hertel, A.		";;Verzauberte Oertlichkeiten. Hannover, 1908.;;;;
510;;;;;;;
511;"*Hertz, Wilhelm.	";;Aus Dichtung und Saga (ed. K. Vollmîller). Stuttgart and Berlin, 1907.;;;;
512;"				*Gesammelte Abhandlungen (ed. F. v. d. Leyen). Stuttgart and Berlin 1905.";;;;;;
513;"				Parzival. 2d ed. Stuttgart and Berlin, 1914.";;;;;;
514;"				Spielmannsbuch. Stuttgart, 1886.";;;;;;
515;"				Tristan und Isolde. Stuttgart, 1877.";;;;;;
516;;;;;;;
517;"Hervararsaga ok Heiethreks Konungs	(ed. J. Helgason). Kobenhavn, 1924.";;;;;;
518;;;;;;;
519;"Hervieux, L.		";F;Les fabulistes latins. 2d ed. 2 vols. Paris, 1893--4.;https://archive.org/details/lesfabulistesla03hervgoog;;;
520;;;;;;;
521;"Hibbard, Laura A.	";;Mediaeval Romance in England. New York, 1924.;https://archive.org/details/medivalromancein00loom;;;
522;;;;;;;
523;"HF				= Hoosier Folklore. Indianapolis, Ind., 1946 ff.";;;;;;
524;;;;;;;
525;Hj·lmterssaga ok ÷lvis (FAS III 453 ff.).;;;;;;
526;;;;;;;
527;"Hock, Stefan.		";;Die Vampyrsagen und ihre Verwertung in der deutschen Literatur. Berlin, 1900.;;;;
528;;;;;;;
529;"*Holm, G.			";;Sagn og Fortëllinger fra Angmagsalik (Meddelelser om Gronland X 237 ff.).;;;;
530;;;;;;;
531;"Holmberg, Uno.		";;*Der Baum des Lebens (Annales Academiae Scientiarum Fennicae XVI. B). Helsinki, 1922--3.;;;;
532;"				*Finno-Ugric Mythology (The Mythology of all Races IV). Boston, 1927.";;;;;;
533;"				Gudstrons uppkomst. Uppsala, 1917.";;;;;;
534;"				*Siberian Mythology (The Mythology of all Races IV). Boston 1927.";;;;;;
535;;;;;;;
536;*Holmstrˆm, Helge. ;;Studier ˆver svanjungfrumotivet. Malmˆ, 1919.;;;;
537;;;;;;;
538;"*Howey, M. O.		";;The Horse in Magic and Myth. London, 1923.;;;;
539;;;;;;;
540;Hrﬂolfs Saga Kraka;;(ed. Finnur Jonsson). Kobenhavn, 1904.;;;;
541;;;;;;;
542;*Hromundarsaga Greipssonar (FAS II 363 ff.).;;;;;;
543;;;;;;;
544;"*Huber, P. Michael.	";;Die Wanderlegende von den SiebenschlÑfern. Leipzig, 1910.;;;;
545;;;;;;;
546;"*Huet, G.			";F;Les contes populaires. Paris, 1923.;https://archive.org/details/ContesPopulaires ;;;
547;;;;;;;
548;"*Hultkrantz, èke.	";;Conceptions of the Soul Among North American Indians. Stockholm, 1953.;;;;
549;;;;;;;
550;;;;;;;
551;"Irwin, Cecilia Pauze.	";;Summaries of the Stories of BÈroalde de Verville's Le Moyen de Parvenir. Unpublished M. A. thesis, University of South Carolina, 1953.;;;;
552;;;;;;;
553;"Ittman, J.		";;*Einiges aus Bankon-Literatur (ZsES XVII). *Nyang-M‰rchen (ZsES XVII).;;;;
554;;;;;;;
555;;;;;;;
556;"Jacobs, Joseph.	";;Book of Wonder Voyages. London, 1896.;https://archive.org/details/bookofwondervoya00jacoiala ;;;
557;"Jacobs, Joseph.	";;"				*The Fables of Aesop. New York, 1894.";https://archive.org/details/fablesofaesopasf01aesouoft ;;;
558;"Jacobs, Joseph.	";;"				Celtic Fairy Tales. London, 1892.";https://archive.org/details/celticfairytale00jacorich ;;;
559;"Jacobs, Joseph.	";;"				More Celtic Fairy Tales. London, 1894.";https://archive.org/details/morecelticfairyt00jaco ;;;
560;"Jacobs, Joseph.	";;"				English Fairy Tales. London, 1890.";https://archive.org/details/englishfairytal00unkngoog ;;;
561;"Jacobs, Joseph.	";;"				More English  Fairy,Tales. London, 1895.";https://archive.org/details/moreenglishfairy00jacorich ;;;
;"Jacobs, Joseph.	";;Indian Fairy Tales. London, 1912.;https://archive.org/details/in.ernet.dli.2015.42176 ;;;
;"Jacobs, Joseph.	";;European folk and fairy tales, New-York 1916.;https://archive.org/details/europeanfolkfair00jaco ;;;
562;;;;;;;
563;"*Jacobs' list		= Jacobs, Josep92.";;"""List of Folk-Tale Incidents common to European Folk-Tales"" in Papers and Transactions of the International Folk-lore Congress, 1891. London, 1892.";;;;
564;;;;;;;
565;"*Jacottet, E.		";;The Treasury of Basuto Lore. London, 1908.;https://archive.org/details/treasuryofbasuto01jaco ;;;
566;;;;;;;
567;"*JAFL			= Journal of American Folk-Lore. Boston, etc., 1888 ff.";;;https://muse.jhu.edu/journal/87 ;;;
568;;;;;;;
569;"JAI				= Journal of the Royal Anthropological Institute of Great Britain and Ireland. London, 1871 ff.";;;http://onlinebooks.library.upenn.edu/webbin/serial?id=jroyalanthrogb ;;;
570;;;;;;;
571;"JAOS				= Journal of the American Oriental Society. Boston, etc., 1849 ff.";;;https://archive.org/details/jstor_jameroriesoci ;;;
572;;;;;;;
573;"?Jansen, William Hugh.	";;"Abraham ""Oregon"" Smith: pioneer, folk hero, and tale-teller. (Indiana University Ph. D. thesis.) Typewritten MS. Indiana University Library. Bloomington (Ind.), 1949.";;;;
574;;;;;;;
575;"JAS				= Journal of the African Society. 34 vols. London, 1862--1900.";;;;;;
576;;;;;;;
577;"Jataka.			See Cowell.";;;;;;
578;;;;;;;
579;"JE				= Publications of the Jesup North Pacific Expedition. New York, etc., 1898 ff.";;;;;;
580;;;;;;;
581;"*Jegerlehner, Johannes.	";;Sagen und M‰rchen aus dem Oberwallis. Basel, 1909.;;;;
582;;;;;;;
583;"Jenness, Diamond.	";;Notes and Traditions from Northern Alaska (Report of the Canadian Arctic Expedition, Southern Party, 1913--16, XIII). Ottawa, 1924.;;;;
584;;;;;;;
585;"Jensen, P.		";;Das Gilgamesch-Epos in der Weltliteratur. Strassburg, 1906.;;;;
586;;;;;;;
587;"*Jijena Sanchez, Rafael.	El Perro Negro. Buenos Aires, 1952.";;;;;;
588;;;;;;;
589;"Johnson, Sir Harry.	";;George Grenfell and the Congo, Vol. II. London, 1908.;https://archive.org/details/georgegrenfellco01johnuoft ;;;
590;;;;;;;
591;"*Jones, Louis C.	";;Spooks of the Valley: ghost stories for boys and girls. Boston, 1948.;;;;
592;;;;;;;
593;"JPASB			= Journal and Proceedings of the Asiatic Society of Bengal.";;;;;;
594;;;;;;;
595;"JSFO				= Journal de la SociÇtÇ Finno-ougrienne. Helsingfors, 1886 ff.";;;;;;
596;;;;;;;
597;"*Junod, H. A.		";;The Life of a South African Tribe, Vol. II. NeuchÉtel, 1913.;https://archive.org/details/lifeofsouthafric02junouoft ;;;
598;;;;;;;
599;;;;;;;
600;"*Kalevala,		";;the land of heroes (W. F. Kirby, tr.). London, 1907.;https://archive.org/details/in.ernet.dli.2015.94361 ;;;
601;;;;;;;
602;"KÂlund, K.		";;Kirialax Saga. Kobenhavn, 1917.;;;;
603;;;;;;;
604;"Keightley, Thomas.	";;Fairy Mythology. London, 1847.;https://archive.org/details/fairymythology00keigoog ;;;
605;;;;;;;
606;"Keith, A. B.		";;Indian Mythology (The Mythology of all Races VI). Boston, 1917.;https://archive.org/details/mythologyofallra61gray ;;;
607;;;;;;;
608;"?Keller, John Esten.	";;Motif-Index of Mediaeval Spanish Exempla. Knoxville (Tenn.), 1949.;;;;
609;;;;;;;
610;"Kennedy, P.		";;Legendary Fictions of the Irish Celts. London, 1866.;https://archive.org/details/legendaryfictio01kenngoog ;;;
611;;;;;;;
612;"*Ker, Anna.		";;Papuan Fairy Tales. London, 1910.;https://archive.org/details/papuanfairytales00kera ;;;
613;;;;;;;
614;Ketilssaga Haengs (FAS II 109 ff.).;;;;;;
615;;;;;;;
616;"*Kidd, D.			";;Savage Childhood: a Study of Kaffir Children. London, 1906.;https://archive.org/details/savagechildhoods00kidduoft ;;;
617;;;;;;;
618;"*Kittredge, G. L.	";;Arthur and Gorlagon (Harvard Studies and Notes in Philology and Literature VIII). Boston, 1903.;https://archive.org/details/cu31924027098072 ;;;
619;"*Kittredge, G. L.	";;"				*A Study of Gawain and the Green Knight. Cambridge (Mass.), 1916.";https://archive.org/details/cu31924012959502 ;;;
620;"*Kittredge, G. L.	";;"				*Witchcraft in Old and New England. Cambridge (Mass.), 1929.";https://archive.org/details/witchcraftinoldn00kitt_0 ;;;
621;;;;;;;
622;"Klapper, Joseph.	";;ErzÑhlungen des Mittelalters. Breslau, 1914.;https://archive.org/details/erzhlungendesmit00klap ;;;
623;;;;;;;
624;"*Knowles, J. H.	";;Folk-Tales of Kashmir. London, 1893.;https://archive.org/details/folktalesofkashm00know ;;;
625;;;;;;;
626;"*Kˆhler, Reinhold.	";;AufsÑtze Åber M‰rchen und Volkslieder (ed. J. Bolte and E. Schmidt). Berlin, 1894.;;;;
627;;;;;;;
628;"*Kˆhler-Bolte		";;  =  Kˆhler, R. Kleinere Schriften (ed. J. Bolte). 3 vols. Weimar, 1898--1900.;https://archive.org/details/kleinereschrifte03khuoft ;;;
629;;;;;;;
630;"Kîlbing, E.		";;Riddarsîgur. Kobenhavn, 1872.;;;;
631;;;;;;;
632;"Krappe, A. H.		";;Les Sources du Libro de Exemplos, Bulletin Hispanique, XXXIX, pp. 5--54.;;;;
633;"Krappe, A. H.		";;"				*Balor with the Evil Eye: Studies in Celtic and French Literature. New York, 1927.";;;;
634;"Krappe, A. H.		";F;*Etudes de mythologie et de folklore germaniques. Paris, 1928.;;;;
635;"Krappe, A. H.		";;"				The Science of Folk-Lore. London, 1930.";;;;
636;;;;;;;
637;"*Kristensen, Evald Tang.	";;Danske Sagn. 2d ed. 6 vols. Kobenhavn, 1928--36.;;;;
638;;;;;;;
639;"Krohn, Kaarle.		";;*Bar (wolf) und Fuchs (JSFO VI). Helsingfors, 1886.;;;;
640;"Krohn, Kaarle.		";;"				Der gefangene Unhold (Finnische-Ugrische Forschungen VII 129--84). Helsingfors, 1908.";;;;
641;"Krohn, Kaarle.		";;"				*Mann und Fuchs. Helsingfors. 1891.";;;;
642;;;;;;;
643;"Krug, Adolph N.	";;Bulu Tales from Kamerun, West Africa (JAFL XXV).;https://archive.org/details/jstor-534804 ;;;
644;;;;;;;
645;"Kruyt, A. C.		";;Het Animisme in den Indischen Archipel. 'sGravenhage, 1906.;https://archive.org/details/hetanimismeinde00kruigoog ;;;
646;;;;;;;
647;;;;;;;
648;"*Lagerholm, A.	";;Drei Lygisogur (ASB XVII). Kobenhavn, 1927.;;;;
649;;;;;;;
650;"*Laistner, Ludwig.	";;Das R‰tsel der Sphinx. 2 vols. Berlin, 1889.;https://archive.org/details/dasrtseldersphi00laisgoog;;;
651;;;;;;;
652;"Landau, M.		";;Die Quellen des Dekameron. 2d ed. Stuttgart, 1884.;https://archive.org/details/diequellendesde00landgoog ;;;
653;;;;;;;
654;"*Landtman, G.		";;The Folk-Tales of the Kiwai Papuans (Acta Societatis Scientiarum Fennicae XLVII). Helsingfors, 1917.;;;;
655;;;;;;;
656;"Lang, Andrew.		";;The Delectable Tale of the Marriage of Cupid and Psyche, done into English by William Adlington. London, 1886. Myth, Ritual and Religion. 2 vols. London, 1887.;https://catalog.hathitrust.org/Record/001769088;;;
657;;;;;;;
658;"*Langdon, S. H.	";;Semitic Mythology (The Mythology of all Races V). Boston, 1931.;https://archive.org/details/MythologyOfAllRacesVolume5 ;;;
659;;;;;;;
660;"Largeau, V.		";F;Elements de Grammaire et Dictionnaire FranÁais-Pahouin. Paris, 1901.;;;;
661;;;;;;;
662;"Laserstein, KÑte.	";;Der Griseldisstoff in der Weltliteratur (Forschungen zur neueren Literaturgeschichte LVIII). Weimar, 1926.;;;;
663;;;;;;;
664;"Latchman, Ricardo E.	";;Las creencias religiosas de los antiguos peruanos. Santiago de Chile, 1929.;;;;
665;;;;;;;
666;"Lawrence, R. M.	The Magic of the Horseshoe. London and Boston, 1898.";;;;;;
667;;;;;;;
668;"Le Braz, A.		";F;La LÈgende de la Mort chez les Bretons armoricains. 2 vols. Paris, 1902.;http://gallica.bnf.fr/ark:/12148/bpt6k8630199c/f1.image;;;
669;;;;;;;
670;"Lederbogen, Wilhelm.	";;*Kameruner M‰rchen. Berlin, 1901.;;;;
671;"Lederbogen, Wilhelm.	";;"				*Du‚la M‰rchen (Mittheilungen des Seminars fÅr Orientalische Sprachen, VI, Dritte Abteilung). Berlin, 1903.";;;;
672;"				Duala Fables. JAS IV (1904--05).";;;;;;
673;;;;;;;
674;"*Lee, A. C.		";It;The Decameron, its Sources and Analogues. London, 1909.;;;;
675;;;;;;;
676;"*Leland, Charles Godfrey.	";;The Algonquin Legends of New England. Boston, 1884.;https://archive.org/details/algonquinleg00lelarich , http://www.gutenberg.org/cache/epub/6803/pg6803-images.html , https://publicdomainreview.org/collections/the-algonquin-legends-of-new-england-1884/;;;
677;;;;;;;
678;"Leskien			= Leskien, A. and Brugmann, K.";;Litauische Volkslieder und M‰rchen. Strassburg, 1882.;;;;
679;;;;;;;
680;"*Leyden, F. von der.	";;Das M‰rchen, 3d ed. Leipzig, 1925.;;;;
681;"					*Das M‰rchen in den Gîttersagen der Edda. Berlin, 1899.";;;;;;
682;"					Der gefesselte Unhold (Prager deutsche Studien, Heft 8, Sonderabzug, 1--29). Prag, 1908.";;;;;;
683;;;;;;;
684;"*Liebrecht, Felix.	";;Zur Volkskunde. Heilbronn, 1879.;;;;
685;;;;;;;
686;"*Liljeblad, Sven.	";;Die Tobiasgeschichte und andere M‰rchen mit toten Helfern. Lund, 1927.;;;;
687;;;;;;;
688;"*Liungman, W.		";;En traditions studie îver sagan om Prinsessan i Jordkulan. Gîteborg, 1925.;;;;
689;"				*TvÜ Folkminnesundersîkningar. Gîteborg, 1925.";;;;;;
690;"				Sveriges Samtliga Folksagor. 3 vols. Djursholm (Sweden), 1950--52.";;;;;;
691;;;;;;;
692;"Lloyd, John W.		";;Aw-aw-tam Indian Nights. Westerfield, N. J., 1911.;https://archive.org/details/awawtamindian00lloyrich;;;
693;;;;;;;
694;"Loomis, C. Grant.	";;White Magic: an Introduction to the Folklore of Christian Legend. Cambridge (Mass.), 1948.;;;;
695;;;;;;;
696;"Loomis, R. S.		";;Celtic Myth and Arthurian Romance. New York, 1927.;;;;
697;;;;;;;
698;"Loorits, Oskar.	";;GrundzÅge des estnischen Volksglaubens, Vol. I. Lund, 1949.;;;;
699;;;;;;;
700;"Lorentzen, Th.		";;Die Sage vom Rodensteiner. Heidelberg, 1903.;;;;
701;;;;;;;
702;*Lˆwis, A. von, of Menar. ;;Die BrÅnhildsage in Russland (Palaestra No. 142). Leipzig, 1923.;;;;
703;;;;;;;
704;"*Luomala, Katherine.	";;Maui-of-a-Thousand-Tricks. BMB CXCVIII. Honolulu, 1949.;;;;
705;;;;;;;
706;"Luzel, F. M.		";F;Contes populaires de Basse-Bretagne. 3 vols. Paris, 1887.;https://fr.wikisource.org/wiki/Contes_populaires_de_Basse-Bretagne ;;;
707;;;;;;;
708;;;;;;;
709;"MacCulloch, J. A.	";;*Celtic Mythology (The Mythology of all Races III). Boston, 1918.;http://archive.org/stream/mythologyofallra03gray#page/n7/mode/2up ;;;
710;"MacCulloch, J. A.	";;"				*The Childhood of Fiction. London, 1905.";https://archive.org/details/childhoodofficti00maccrich ;;;
711;"MacCulloch, J. A.	";;"				*Eddic Mythology (The Mythology of all Races II). Boston, 1930.";;;;
712;;;;;;;
713;"MacDougall, James,	and Calder, George.";;Folk Tales and Fairy Lore in Gaelic and English. Edinburgh, 1910.;https://archive.org/details/folktalesfairylo00macduoft;;;
714;;;;;;;
715;*M·chal, J.†;;Slavic Mythology (The Mythology of all Races III). Boston, 1918.;https://archive.org/details/mythologyofall03gray;;;
716;;;;;;;
717;"MacKay, D. E.		";;The Double Invitation in the Legend of Don Juan. Stanford University, 1943.;;;;
718;;;;;;;
719;"?McKay, J. G.		";;More West Highland Tales. Edinburgh and London, 1940.;;;;
720;;;;;;;
721;"MAFLS			= Memoirs of the American Folk-Lore Society.";;;;;;
722;;;;;;;
723;"*Malalasekera, George Peiris.	";;Dictionary of Pali Proper Names. 2 vols. London, 1937.;;;;
724;;;;;;;
725;"*Malory, Sir Thomas.	";;Morte D'Arthur (many editions).;;;;
726;;;;;;;
727;"Mannhart, W.		";;Wald und Feldkulte. 2 vols. 2d ed. Berlin, 1904--05.;;;;
728;;;;;;;
729;"*Mansfeld, Alfred.	";;Urwald-Dokumente: Vier Jahre unter den Cross-flussnegern Kameruns. Berlin, 1908.;;;;
730;;;;;;;
731;"Marie-Ursule, Soeur.	";;Civilisation traditionelle des Lavalois. (Les Archives de Folklore V--VI). QuÈbec, 1951.;;;;
732;;;;;;;
733;"*Marguerite de Navarre.	";F;Heptameron. 3 vols. (ed. Dillage, Paris, 1879). (Analysis by Sarah C. Pinkney, University of South Carolina).;http://gallica.bnf.fr/ark:/12148/bpt6k9671469w ;;;
734;;;;;;;
735;"Meinhof, Carl.		";;Afrikanische M‰rchen. Jena, 1921.;;;;
736;;;;;;;
737;"*Meinhof, Elli.	";;M‰rchen aus Kamerun. Strassburg, 1889.;https://archive.org/details/bub_gb_-8cWAAAAYAAJ ;;;
738;;;;;;;
739;"*MÈlusine.		10 vols. Paris, 1878--1901.";;;;;;
740;;;;;;;
741;"Mensa Philosophica	= T. F. Dunn. The Facetiae of the Mensa Philosophica (Washington University Studies, new series, Lang. and Lit. No. 5). St. Louis, 1934.";;;;;;
742;;;;;;;
743;"MÈtraux, Alfred.	";;Ethnology of Easter Island. BMB CLX. Honolulu, 1940.;;;;
744;"MÈtraux, Alfred.	";;"				*Mitos y Cuentos de los Indios Chiriguano. RMLP XXXIII (1932), pp. 119--84.";;;;
745;"MÈtraux, Alfred.	";;"				*Myths of the Toba and Pilaga Indians of the Gran Chaco (MAFLS XL, 1946).";;;;
746;"MÈtraux, Alfred.	";;"				Myths and Tales of the Matakons. Gˆteborg, 1939";https://catalog.hathitrust.org/Record/006809386 ;;;
747;;;;;;;
748;"Meyer, Elard H.	";;Germanische Mythologie. Berlin, 1891. Mythologie der Germanen. Strassburg, 1903.;;;;
749;;;;;;;
750;"*Meyer, Johann J.	";;Hindu Tales. London, 1909.;https://archive.org/details/cu31924022986859;;;
751;;;;;;;
752;"*Meyer, Kuno.		";;The Voyage of Bran, son of Febal to the Land of the Living (with an essay upon the Irish Vision of the Happy Otherworld and the Celtic doctrine of Rebirth by Alfred Nutt). 2 vols. London, 1895, 1897.;https://archive.org/details/cu31924026971030 ;;;
753;;;;;;;
754;"Meyer, Richard M.	";;Altgermanische Religiongeschichte. Leipzig, 1910.;;;;
755;;;;;;;
756;"Milligan, Robert H.	";;*The Fetish Folk of West Africa. Chicago, 1912. *The Jungle Folk of Africa. New York, 1908.;https://archive.org/details/fetishfolkofwest00milliala;;;
757;;;;;;;
758;"*Mischlich, A.		";;Neue M‰rchen aus Afrika. Leipzig, 1929.;;;;
759;;;;;;;
760;"*Mitford, A. B. F.	";;Tales of Old Japan. 3d edition. London, 1876.;https://archive.org/details/TalesOfOldJapan;;;
761;;;;;;;
762;"*MLN				= Modern Language Notes. Baltimore, 1886 ff.";;;;;;
763;;;;;;;
764;"Moe, Moltke.		";;Samlede Skrifter. 4 vols. Oslo, 1925 ff.;;;;
765;;;;;;;
766;"Mogk Festschrift	";; = Festschrift Eugen Mogk zum 70. Geburtstag. Halle, 1924.;;;;
767;;;;;;;
768;"Monteil, C.		";F;Contes Soudanais. Paris, 1905.;https://archive.org/details/soudanfranaisco00montgoog;;;
769;;;;;;;
770;"Moreno Enriquez,	";;Maria de los Angeles. Motivos de narracion tradicionales en los libros de Esdras. (Anuario de la Sociedad Folklorica de Mexico VI 7--45.) Mexico, 1947.;;;;
771;;;;;;;
772;"MSFO	  MÈmoires de la SociÈtÈ Finno-ougrienne, Helsingfors.";;;https://de.wikisource.org/wiki/Suomalais-ugrilaisen_Seuran_Toimituksia_/_M%C3%A9moires_de_la_Soci%C3%A9t%C3%A9_Finno-ougrienne ;;;
773;;;;;;;
774;"*MPh				= Modern Philology. Chicago, 1903 ff.";;;http://archive.org/search.php?query=Modern%20Philology ;;;
775;;;;;;;
776;"Much, R.			";;Der germanische Himmelsgott (Abhandlungen zur germanischen Philologie: Festgabe fÅr Richard Heinzel, pp. 189 ff.) Halle, 1898.;;;;
777;;;;;;;
778;"MWF				= Midwest Folklore. Bloomington 1951 ff.";;;;;;
779;;;;;;;
780;"MÅller, P.		";;Beitrag zur Kenntnis der Tem-Sprache (Nord-Togo). (Mitteilungen des Seminars fÅr orientalische Sprachen zu Berlin, VIII.);;;;
781;;;;;;;
782;"*MÅller, W. Max.	";;Egyptian Mythology (The Mythology of all Races XII). Boston, 1918.;http://archive.org/stream/themythologyofal12alexuoft#page/n11/mode/2up ;;;
783;;;;;;;
785;"*Nassau, R. H.		";;Where Animals Talk: West African Folklore Tales. London, 1914.;https://archive.org/details/whereanimalstalk00nass ;;;
786;;;;;;;
787;"Naumann, Hans.		";;Primitive Gemeinschaftskultur. Jena, 1921.;;;;
788;;;;;;;
789;"Neilson, William A.	";;The Origins and Sources of the Court of Love. Cambridge (Mass.), 1899.;"https://babel.hathitrust.org/cgi/pt?id=mdp.39015053684588;view=1up†;seq=7 ";
790;;;;;;;
791;"*Nekes, Hermann.	";;Lehrbuch der Jaunde-Sprache. Berlin, 1911.;;;;
792;;;;;;;
793;"?Neuman, Dov.		";;Motif-index to the Talmudic-Midrashic Literature. (Indiana University Ph. D. thesis). Microfilm Service, Ann Arbor, Michigan, 1954.;;;;
794;;;;;;;
795;"*Norlind, Tobias.	";;Skatts‰gner, en studie i j‰mfˆrande folkminnesforskning. Lund, 1918.;;;;
796;;;;;;;
797;"Nornagests th†ttr:	in Bugge, S. Norroene";;Skrifter af sagnhistorisk Indhold, pp. 47 ff. Christiania, 1864.;;;;
798;;;;;;;
799;Nouvelles rÇcrÇations et joyeaux devis (in Oeuvres franáoises de Bonaventure des PÇriers).;F;Vol. II. Paris, 1856.;;;;
800;;;;;;;
801;"Nouvelles de Sens	";F;(ed. E. Langlois). Paris, 1908. (Analysis by F. C. Perry, University of South Carolina).;;;;
802;;;;;;;
803;"*Nordenskiˆld, Erland.	";;Indianerleben, El Gran Chaco (SÅdamerika). Leipzig, 1912.;;;;
804;;;;;;;
805;"Nutt, Alfred.		See Meyer, Kuno.";;The Voyage of†Bran, son of†Febal†to the Land of the Living (with an essay upon the Irish Vision of the Happy Otherworld and the Celtic doctrine of Rebirth by Alfred Nutt).†2 vols. London, 1895, 1897.;https://archive.org/details/cu31924026971030 ;;;
806;;;;;;;
807;"NYFQ				= New York Folklore Quarterly.";;;http://www.nyfolklore.org/pubs/nyfq/tocnyfq.html ;;;
808;;;;;;;
809;"Nyrop, Kristoffer.	";;Navnets Magt. Kobenhavn, 1887.;;;;
810;;;;;;;
811;;;;;;;
812;"*Oberg, Kalervo.	";;Indian Tribes of Northern Mato Grosso, Brazil (Smithsonian Institution, Institute of Social Anthropology, XV). Washington, 1953.;"https://babel.hathitrust.org/cgi/pt?id=inu.30000118569825;view=1up;seq=7 ";
813;;;;;;;
814;"*Oesterley, H.		";;Gesta Romanorum. Berlin, 1872.;;;;
815;;;;;;;
816;"Ohrt, F.			";;Danmarks Trylleformler (FF Publications, Northern Series III). Kobenhavn, 1917.;;;;
817;"Ohrt, F.			";;"				Trylleord fremmede og danske (DF XXV). Kobenhavn, 1922.";;;;
818;;;;;;;
819;"*Olrik, Axel.		";;Ragnarˆk: die Sagen vom Weltuntergang (trans. W. Ranisch). Berlin, 1922.;;;;
820;;;;;;;
821;"ôrvar-Odds Saga	(ed. R. C. Boer). Leiden, 1888.";;;;;;
822;;;;;;;
823;"*O'Suilleabhain, S.	";;Scealta Craibhtheacha. Dublin, 1952.;;;;
824;;;;;;;
825;;;;;;;
826;"PaAm				= Anthropological Papers of the American Museum of Natural History.";;;http://digitallibrary.amnh.org/handle/2246/6/browse?order=ASC&type=title&starts_with=H , ;;;
827;;;;;;;
828;"PAES				= Publications of the American Ethnological Society.";;;https://archive.org/details/rosettaproject_paw_book-1 , https://archive.org/details/rosettaproject_ojc_book-2 , https://catalog.hathitrust.org/Record/000518386 ;;;
829;;;;;;;
830;"Panchatantra		";;(tr. A. Ryder). Chicago, 1925.;http://columbia.edu/itc/mealac/pritchett/00litlinks/panchatantra_ryder/index.html ;;;
831;;;;;;;
832;"*Panzer, F.		";;Beowulf (Studien zur germanischen Sagengeschichte I). M¸nchen 1910.;https://fr.wikisource.org/wiki/Beowulf/Walter_Thomas/Introduction ;;;
833;"*Panzer, F.		";;"				*Hilde-Gudrun. Halle a. S., 1901.";;;;
834;"*Panzer, F.		";;"				*Sigfrid. (Studien zur germanischen Sagengeschichte ˚II). M¸nchen 1910.";;;;
835;;;;;;;
836;"*Paris, G.		";F;LÈgendes du moyen ‚ge. Paris, 1904.;;;;
837;;;;;;;
838;"Parker, Mrs. K. L.	";;Australian Legendary Tales. London, 1896.;https://en.wikisource.org/wiki/Australian_Legendary_Tales , https://archive.org/details/cu31924029909060;;;
839;;;;;;;
840;"*Parkinson, John.	";;Yoruba Folklore. (JAS VIII [1908] p. 165 ff.).;;;;
841;;;;;;;
842;"Patch, H. R.		";;*The Goddess Fortuna in Mediaeval Literature. Cambridge (Mass.), 1927.;;;;
843;;;;;;;
844;"Patch, H. R.		";;*The Other World According to Descriptions in Medieval Literature. Cambridge (Mass.), 1950.;;;;
845;;;;;;;
846;"Paton, Lucy A.		";;Studies in the Fairy Mythology of Arthurian Romance (Radcliffe College Monographs No. 13). Cambridge (Mass.), 1903.;https://archive.org/details/studiesinfairym00patogoog ;;;
847;;;;;;;
848;"Pattetta, F.		";;Le Ordalie. Torino, 1890.;;;;
849;;;;;;;
850;"*Pauli			";; = Johannes Pauli. Schimpf und Ernst (ed. Johannes Bolte). 2 vols. Berlin, 1924.;;;;
851;;;;;;;
852;"Pauly-Wissowa		";; = Pauly's Real-Encyclop"die der classischen Altertumswissenschaft herausgegeben von G. Wissowa. Stuttgart, 1893 ff.;;;;
853;;;;;;;
854;"Pease, Arthur Stanley.	M. Tulli";;"Ciceronis De Divinatione. (University of Illinois Studies in Language and Literature, VI Nos. 2, 3 VIII Nos. 3, 4). Urbana (Ill.), 1920-23."; ;;;
855;;;;;;;
856;"*Pechuâl-Loesche, E.	";;Volkskunde von Loango. Stuttgart, 1907.;;;;
857;;;;;;;
858;"*Penzer, N. M.		";Ind;The Ocean of Story: being C. H. Tawney's translation of Somadeva's Katha Sarit Sagara. 10 vols. London, 1923 ff.;https://archive.org/details/oceanofstorybein01somauoft ;;;
859;"				See also Tawney.";;;;;;
860;"*Penzer, N. M.		";;" Poison-Damsels and other essays in Folklore and Anthropology. London, 1952.";;;;
861;;;;;;;
862;"Petitot, êEmile.	";Ca;Traditions indiennes du Canada nord-ouest. Paris, 1886.;https://archive.org/details/traditionsindien00peti ;;;
863;;;;;;;
864;"PFLS				= Publications of the Folklore Society (English).";;;;;;
865;;;;;;;
866;"Phaedrus			= Phaedri Fabulae Aesopiae (ed. J. P. Postgate). Oxford, 1920.";;;https://archive.org/details/phaedriaugustil06phaegoog ,  https://catalog.hathitrust.org/Record/009726006 ;;;
867;;;;;;;
868;"Pierre Faifeu		";F; = Charles de BourdignÈ La LÈgende de Maistre Pierre Faifeu. Paris, 1880.;https://archive.org/details/lalgendedepierr00jouagoog ;;;
869;;;;;;;
870;"*Pino Saavedra, Y.	";;Tres Versiones Chilenas de la Princesa Mona o Rana. (Homenaje a Fritz Kruger, Tomo I, pp. 399--407). Mendoza (Argentina), 1952.;;;;
871;;;;;;;
872;"*Plenzat, Karl.	";;Die ost- und westpreussischen M‰rchen und Schw‰nke nach Typen geordnet†;;;;
873;;;;;;;
874;"*Plischke, Hans.	";;Die Sage vom Wilden Heere im deutschen Volke (Leipzig dissertation). Eilenburg, 1914.;;;;
875;;;;;;;
876;"*Plummer, Charles.	";;Vitae Sanctorum Hiberniae. 2 vols. Oxford, 1910.;https://archive.org/details/vitaesanctorumhi01plumuoft , https://archive.org/details/vitaesanctorumhi02plumuoft ;;;
877;;;;;;;
878;"PMLA				= Publications of the Modern Language Association of America.";;;;;;
879;;;;;;;
880;"*Potter, Murray Anthony.	";;Sohrab and Rustem. London, 1902.;https://archive.org/details/sohrabrustemepi00pott ;;;
881;;;;;;;
882;;;;;;;
883;"Radloff, Wilhelm.	";;Die Sprachen der t¸rkischen St‰mme S¸d-Siberiens. St. Petersburg, 1866ó85.;;;;
884;;;;;;;
885;Ragnarssaga Loethbr¢kar. See Vîlsungasaga.;;;;;;
886;;;;;;;
887;"*Rank, Otto.		";;Das Inzest-Motiv in Dichtung und Sage. 2d ed. Wien, 1912.;;;;
888;"				*Der Mythus von der Geburt des Helden. Leipzig and Wien, 1912.";;;;;;
889;"				Psychoanalytische BeitrÑge zur Mythenforschung. Leipzig and Wien, 1919.";;;;;;
890;;;;;;;
891;"*Ranke, F.		";;Der Erlˆser in der Wiege. M¸nchen, 1912.;;;;
892;;;;;;;
893;"Rasmussen, Knud.	";;Myter og Sagn fra Gronland. 3 vols. Kobenhavn, 1921--25.;;;;
894;;;;;;;
895;"Rattray (Hausa)	= Rattray, R. Sutherland.";;Hausa Folk-Lore Customs, Proverbs, etc. 2 vols. Oxford, 1913.;https://archive.org/details/hausafolklorecus02rattuoft ;;;
896;;;;;;;
897;"Rattray (Ashanti)	= Rattray, R. Sutherland.";;Akan-Ashanti Folk Tales. Oxford, 1930.;;;;
898;;;;;;;
899;"RBAE				= Annual Report of the Bureau of American Ethnology.";;;http://www.biodiversitylibrary.org/bibliography/38077#/summary ;;;
900;;;;;;;
901;"RCHG				= Revista Chilena de Historia y Geografia. Santiago de Chile.";;;;;;
902;;;;;;;
903;"Reinhard, John R.	";;The Survival of Geis in Mediaeval Romance. Halle a. S., 1933.;;;;
904;;;;;;;
905;"Renel, Charles.	";F Col;Contes de Madagascar. Paris, 1910, 1930.;;;;
906;;;;;;;
907;"*Rink, Henry.		";;Tales and Traditions of the Eskimo. Edinburgh, 1875.;https://archive.org/details/talesandtraditi00browgoog ;;;
908;;;;;;;
909;"Rittershaus, Adeline.	";;Die neuislÑndischen VolksM‰rchen. Halle, 1902.;;;;
910;;;;;;;
911;"RMLP				= Revista del Museo de la Plata (Argentina).";;;;;;
912;;;;;;;
913;"*Roberts, Warren E.	";;Aarne-Thompson Type 480 in World Tradition. (Indiana University Ph. D. thesis) Microfilm Service, Ann Arbor, Michigan, 1954.;https://catalog.hathitrust.org/Record/006808349 ;;;
914;;;;;;;
915;"*R¢heim, GÇza.		";;Animism, Magic, and the Divine King. London, 1930. Drachen und DrachenkÑmpfer. Berlin, 1912.;;;;
916;"				Spiegelzauber. Leipzig and Wien, 1919.";;;;;;
917;;;;;;;
918;"Romanic Review.	New York, 1910 ff.";;;http://gallica.bnf.fr/ark:/12148/cb34470606s/date.langEN ;;;
919;;;;;;;
920;"Roscher, W. H.		";;AusfÅhrliches Lexikon der griechischen und rîmischen Mythologie. Leipzig, 1884 ff.;;;;
921;;;;;;;
922;"Rosen, G.			Tuti-Nameh, das Papageienbuch. Leipzig, 1858.";;;;;;
923;;;;;;;
924;"RosÈn, Helge.		";;†Om Sj‰lavandringstro i Nordisk Folkfˆrest‰llning (Folkminnen och Folktankar V p. 89 ff.).;;;;
925;;;;;;;
926;"Rosenhuber, P.		Simon.";;M‰rchen, Fabeln, R‰tsel, und Sprichwˆrter der Kamerun-Neger. Limburg, 1926.;;;;
927;;;;;;;
928;"?Rotunda, D. P.	";;Motif-Index of the Italian Novella. Bloomington, Indiana, 1942.;;;;
929;;;;;;;
930;"RTP				= Revue des Traditions Populaires. 32 vols. Paris, 1886--1917.";;;;;;
931;;;;;;;
932;"RÅhlemann, Martin.	";;Etymologie des Wortes Harlequin und verwandter Wîrter (Halle dissertation). Halle a. S., 1912.;;;;
933;;;;;;;
934;;;;;;;
935;"Saga och Sed		(Kgl. Gustav Adolfs Akademiens Arsbok). Uppsala, 1932 ff.";;;;;;
936;;;;;;;
937;Sagan af Illuga Gr°etharf¢stra (FAS III 648 ff.).;;;;;;
938;;;;;;;
939;"*Saintyves, P.		";F;Les Contes de Perrault et les recits parall?les. Paris, 1923.;;;;
940;"*Saintyves, P.		";F;"				*Essais de folklore biblique. Paris, 1922.";;;;
941;"*Saintyves, P.		";F;"				Les Saints Successeurs des dieux. Paris, 1907.";http://gallica.bnf.fr/ark:/12148/bpt6k824246.r=Les+saints+successeurs+des+dieux.langFR ;;;
942;;;;;;;
943;"*Saussaye, P. D.	Chantepie de la.";;The Religion of the Teutons (trans. B. J. Vos). Boston, 1902.;https://archive.org/details/religionofteuton00chan ;;;
944;;;;;;;
945;"*Scala Celi		= Johannes Gobii junior. Scala Celi. LÅbeck, 1476.";;;;;;
946;;;;;;;
947;"Schlenker, C. F.	";;A Collection of Temne Traditions, Fables and Proverbs. London, 1861.;"https://ba;bel.hathitrust.org/cgi/pt?id=nyp.33433088072636;view=1up;seq=7 " 
948;;;;;;;
949;"Schoolcraft, H. R.	";;*The Myth of Hiawatha. Philadelphia and London, 1856.;https://archive.org/details/cihm_43244 ;;;
950;"				Algic Researches. New York, 1839.";;;;;;
951;;;;;;;
952;"*Schweda, Valentin.	";;Die Sagen vom Wilden J‰ger und vom Schlafenden Heer in der Provinz Posen (Greifswald dissertation). Gnesen, 1915.;;;;
953;;;;;;;
954;"*Scott, J. G.		";;Indo-Chinese Mythology (The Mythology of all Races XII). Boston, 1918.;http://archive.org/stream/themythologyofal12alexuoft#page/n11/mode/2up ;;;
955;;;;;;;
956;"*Scott, Robert D.	";;The Thumb of Knowledge. New York, 1930.;;;;
957;;;;;;;
958;"SÈbillot, P.		";F;Le Folk-lore de France. 4 vols. Paris, 1904--07.;;;;
959;"SÈbillot, P.		";F;"				*Les incidents des contes populaires de la Haute-Bretagne. Vannes, 1892 (= RTP VII 411 ff, 515 ff.).";;;;
960;;;;;;;
961;"*Seligmann, S.		";;Die magischen Heil- und Schutzmittel aus der unbelebten Natur. Stuttgart, 1927.;;;;
962;;;;;;;
963;"*Sharp-Karpeles	= Sharp, Cecil and Karpeles, Maud.";;English Folk Songs from the Southern Appalachians. 2 vols. London, 1932.;https://catalog.hathitrust.org/Record/002558647 ;;;
964;;;;;;;
965;"Showerman, Grant.	";;The Great Mother of the Gods. Madison (Wisconsin), 1901.;https://archive.org/details/greatmothergods00showgoog ;;;
966;;;;;;;
967;"Sieber, J.		";;M‰rchen und Fabeln der Wute (ZsES XII 53 ff., 162 ff.). M‰rchen der Kweli in Kamerun (Mitteilungen des Seminars fÅr Orientalische Sprachen zu Berlin, Dritte Abteilung: Afrikanische Studien, XXXV). Berlin, 1932.;;;;
968;;;;;;;
969;"Siecke, E.		";;Drachenkampfe Leipzig, 1907. Der Vegetationsgott. 2 vols. Leipzig, 1914.;;;;
970;;;;;;;
971;"*Siuts, Hans.		";;Jenseitsmotive im deutschen VolksM‰rchen (Teutonia XIX). Leipzig, 1911.;;;;
972;;;;;;;
973;"Skjîldunga saga.	";;See A. Olrik in Aarboger for nordisk Oldkyndighed og Historie, II Rëkke, IX (1894), 109.;;;;
974;;;;;;;
975;"*Smith, E. W. and Dale, A.	";;The Ila-speaking People of Northern Rhodesia, vol. 2. London, 1920.;https://archive.org/details/ilaspeakingpeopl02edwi ;;;
976;;;;;;;
977;"*Smith, G. Elliott.	";;The Evolution of the Dragon. London, 1919.;http://www.gutenberg.org/ebooks/22038?msg=welcome_stranger ;;;
978;;;;;;;
979;"Smith, W. Robertson.	";;Lectures on the Religion of the Semites. 3d ed. London, 1927.;https://archive.org/details/lecturesontherel028530mbp ;;;
980;;;;;;;
981;"Snorra Edda		";;(in A. G. Brodeur, The Prose Edda, New York, 1916).;http://www.voluspa.org/proseedda.htm ;;;
982;;;;;;;
983;"Solheim Register 	= Solheim, Svale.";;Register til Norsk Folkeminnelags skrifter Nr. 1--49 (Norsk Folkeminnelag No. 50). Oslo, 1943.;;;;
984;;;;;;;
985;Sîrla saga Sterka (FAS III 408 ff.).;;;;;;
986;;;;;;;
987;"Spargo, John Webster.	";;Virgil the Necromancer. Cambridge (Mass.), 1934.;;;;
988;;;;;;;
989;"*Sparnaay, H.		";;Verschmelzung legendarischer und weltlicher Motive in der Poesie des Mittelalters. Groningen, 1922.;;;;
990;;;;;;;
991;"*Spence, Lewis.	";;Myths and Legends of Babylonia and Assyria. London, 1916.;https://archive.org/details/mythslegendsofba00speniala ;;;
992;;;;;;;
993;"*Stanley, H. M.	";;My Dark Companions and their Strange Stories. London, 1893.;;;;
994;;;;;;;
995;"Stapleton, W. H.	";;Comparative Handbook of Congo Languages. Yakusa, Stanley Falls, 1903.;https://archive.org/details/comparativehand00stapgoog ;;;
996;;;;;;;
997;"*Starck, Taylor.	";;Der Alraun, ein Beitrag zur Pflanzensagenkunde. Baltimore, 1917.;;;;
998;;;;;;;
999;"*Steere, E.		";;Swahili Tales as told by the Natives of Zanzibar. London, 1922.;https://archive.org/details/swahilitalesasto00stee;;;
1000;;;;;;;
1001;"*Stigand, C. H.	and Mrs.";;Black Tales for White Children. London and New York, 1914.;https://archive.org/details/blacktalesforwhi00stig;;;
1002;;;;;;;
1003;"*Stimson, J. F.	";;MS. of Tuamotuan Myths. Unpublished. Peabody Museum, Salem, Mass.;;;;
1004;;;;;;;
1005;*Sturlaugs saga Starfsama (FAS III 592 ff.).;;;;;;
1006;;;;;;;
1007;"*Swanton, J. R.	";;Myths and Tales of the Southeastern Indians (BBAE LXXXVIII [1929]).;http://www.sacred-texts.com/nam/se/mtsi/index.htm;;;
1008;"*Sydow, C. W. von.	";;TvÜ Spinnsagor. Lund, 1909.;;;;
1009;"				*Sigurds strid med FÜvne (Lund Universitets èrsskrift. n. f. Avd. I, Bd. 14, no. 16). Lund, 1918.";;;;;;
1010;;;;;;;
1011;;;;;;;
1012;"*Talbot, P. A.		";;In the Shadow of the Bush. New York and London, 1912.;https://archive.org/details/inshadowofbush00perc;;;
1013;;;;;;;
1014;"*Tawney, C. H.		";;Katha Sarit Sagara, Ocean of the Streams of Story. 2 vols. Calcutta, 1880--84. See also Penzer.;https://archive.org/details/oceanofstorybein01somauoft ;;;
1015;;;;;;;
1016;"*Tegethoff, Ernst.	";;Studien zum M‰rchentypus von Amor und Psyche. Bonn und Leipzig, 1922.;;;;
1017;;;;;;;
1018;"Tessman, Gunter.	";;*Ajongs ErzÑhlungen: m‰rchen der Fangneger. Berlin, 1921.;;;;
1019;"Tessman, Gunter.	";;"				*Die Pangwe. Berlin, 1912.";;;;
1020;;;;;;;
1021;"Thalbitzer, William.	";;A Phonetic Study of the Eskimo Language. Copenhagen, 1904.;https://archive.org/details/phoneticalstudyo00thal ;;;
1022;;;;;;;
1023;"*Theal, G. M.		";;Kaffir Folk-lore. London, 1886.;https://archive.org/details/cihm_33996;;;
1024;"*Theal, G. M.		";;"				*The Yellow and Dark-skinned People of Africa South of the Zambesi. London, 1910.";;;;
1025;;;;;;;
1026;"*Thien, J.		";;Uebereinstimmende und verwandte Motive in den deutschen Spielmannsepen im Anschluss an Kînig Rother. Hamburg, 1882.;;;;
1027;;;;;;;
1028;"Thomas, Northcote W.	";;Anthropological Report on the Ibo-Speaking Peoples of Nigeria. 2 vols. London, 1913--14.;https://archive.org/details/anthropologicalr05thomuoft ;;;
1029;;;;;;;
1030;"?Thompson-Balys = Thompson, Stith and Balys, Jonas.";;Motif and Type Index of the Oral Tales of India. Bloomington (Ind.). (In press).;https://catalog.hathitrust.org/Record/006929797;;;
1031;;;;;;;
1032;"*Thompson, Stith.	";;European Tales among the North American Indians (CColl II). Colorado Springs, 1919.;"https://babel.hathitrust.org/cgi/pt?id=inu.39000005803577;view=1up;seq=1" ;
1033;"*Thompson, Stith.	";AmerInd;"				*Tales of the North American Indians. Cambridge (Mass.), 1929. The Folktale. New York, 1946.";http://www.sacred-texts.com/nam/tnai/;;;
1034;"*Thompson, Stith.	";;"				*The Star-Husband Tale (Studia Septentrionalia IV). Oslo, 1952.";;;;
;Thompson, Stith,;;The folktale. New York, 1946;http://folkmasa.org/yashpeh/The_Folktale.pdf;;;
1035;;;;;;;
1036;"*thidriks saga		";;(ed. H. Bertelsen). 2 vols. Kobenhavn, 1905--11.; ;;;
1037;;;;;;;
1038;*thorsteinssaga V°kingssonar (FAS II 381 ff.).;;;;;;
1039;;;;;;;
1040;*thorsteins th†ttr uxaf¢ts (Islendinga thëttir).;;;;;;
1041;;;;;;;
1042;"Thurneysen, Rudolf.	";;Die irische Helden- und Kînigsage bis zum siebzehnten Jahrhundert. Halle, 1921.;;;;
1043;;;;;;;
1044;"*Tobler, Otto.		";;Die Epiphanie der Seele in deutscher Volkssage. Kiel, 1911.;;;;
1045;;;;;;;
1046;"*Toldo, Peter.		";;"Leben und Wunder der Heiligen im Mittelalter (Studien zur vergleichenden Literaturgeschichte I 320, 345  II 87, 304, 329,  IV 49 , V 337, VI 289, VIII 18,  IX 451)."; ;;;
1047;;;;;;;
1048;"*Torday, E.		";;On the Trail of the Bushongo. London, 1925.;https://catalog.hathitrust.org/Record/007556057;;;
1049;"*Torday, E.		";F;"				Notes ethnographiques sur les .... Bakuba. Bruxelles, 1911.";http://gallica.bnf.fr/ark:/12148/bpt6k6475837f ;;;
1050;;;;;;;
1051;"TravÈlÈ Moussa.	";F;Proverbes et contes Bambara. Paris, 1923.;;;;
1052;;;;;;;
1053;"Trilles, R. G.		";F;Proverbes, L?gendes et contes fang (Bulletin de la SociÈtÈ Neuch‚teloise de GÈographie XVI [1905]).;;;;
1054;;;;;;;
1055;"*Tupper, F. and Ogle, M. B.	";;Master Walter Map's Book De Nugis Curialium (Courtiers' Trifles). New York, 1924.;;;;
1056;;;;;;;
1057;Tuti-Nameh. See Rosen.;;;;;;
1058;;;;;;;
1059;"*Type			= Aarne, A. and Thompson, Stith. The Types of the Folk-Tale (FFC 74). Helsinki, 1928.";;;;;;
1060;;;;;;;
1061;;;;;;;
1062;"UCal				= University of California Publications in American Archaeology and Ethnology.";;;https://archive.org/details/universityofcali03univuoft , http://dpg.lib.berkeley.edu/webdb/anthpubs/search?journal=1 ;;;
1063;;;;;;;
1064;"U Cal Anth Rec.	= University of California Anthropological Records.";;;http://dpg.lib.berkeley.edu/webdb/anthpubs/search?journal=3 ;;;
1065;;;;;;;
1066;"U Pa				= University of Pennsylvania, The University Museum Anthropological Publications.";;;;;;
1067;;;;;;;
1068;"*Urquell, Am.	";;6 vols. Lunden, 1890--96.;;;;
1069;;;;;;;
1070;"*Urquell, Der.	";;2 vols. Leiden and Hamburg, 1898--99.;;;;
1071;;;;;;;
1072;"*Usener, Hermann.	";;Kleine Schriften. 4 vols. Leipzig and Berlin, 1912--14.;;;;
1073;;;;;;;
1074;"U Wash		University of Washington Publications in Anthropology.	";;;https://archive.org/details/universityofwash10univuoft ;;;
1075;;;;;;;
1076;;;;;;;
1077;"Valcarcel, Luis E.	";;El Diluvio (El Aillu, Rev. Peruana de Antr. Etn. Fl. y Linguistica Hist., I. Cusco, Peru).;;;;
1078;;;;;;;
1079;"*Van Wing, J.		";;Folklore Kiyansi: Congo Belge (Bibliotheca Africana, IV [1930--31]).;;;;
1080;;;;;;;
1081;*Vîlsunga saga ok Ragnarssaga Loethbr¢kar (ed. M. Olsen). Kobenhavn, 1906--08.;;;;;;
1082;;;;;;;
1083;"Von der Hagen.		See Hagen.";;;;;;
1084;;;;;;;
1085;"Von der Leyen.		See Leyen.";;;;;;
1086;;;;;;;
1087;"Von Lîwis of Menar.	See Lîwis.";;;;;;
1088;;;;;;;
1089;"*Voorhoeve, Petrus.	Overzicht van de Volksverhalen der Bataks. Vlissingen, 1927.";;;;;;
1090;;;;;;;
1091;"Voretzsch, Carl.	";;EinfÅhrung in das Studium der altfranzîsischen Literatur. 2d ed. Halle a. S., 1913.;;;;
1092;;;;;;;
1093;"Vries, de.		See De Vries.";;;;;;
1094;;;;;;;
1095;;;;;;;
1096;"*Wagener, A. J.	";;Afrikanische Parallele zur biblischen Urgeschichte. Bonn, 1927.;;;;
1097;;;;;;;
1098;"*Ward, H. L. D.	";;"Catalogue of Romances in the Department of Manuscripts in the British Museum. London, 1883, 1893. (Vols. 1 and 2 only  for vol. 3 see Herbert, J. A.)";;;;
1099;;;;;;;
1100;"Warnke, Karl.		";;Die Quellen des Esope der Marie de France. Halle, 1900.;;;;
1101;;;;;;;
1102;"Weeks, John H.		";;*Among Congo Cannibals. London, 1913.;https://archive.org/details/amongcongocannib00weekuoft;;;
1103;"Weeks, John H.		";;"				*Jungle Life and Jungle Stories. London, 1923.";;;;
1104;"Weeks, John H.		";;"				Anthropological Notes on the Bangola of the Upper Congo River (JAI XXXIX, 1909).";;;;
1105;"Weeks, John H.		";;"				Congo Life and Folklore. 2 parts. London, 1911.";https://archive.org/details/congolifefolklor00week , ;;;
1106;;;;;;;
1107;"*Wehrhan, Karl.	Die Sage. Leipzig, 1908.";;;;;;
1108;;;;;;;
1109;"Weicker, G.		";;Der Seelenvogel in der alten Literatur und Kunst. Leipzig, 1902.;;;;
1110;;;;;;;
1111;"*Wells, John Edwin.	";;A Manual of Writings in Middle English. New Haven, 1916.;;;;
1112;;;;;;;
1113;"*Werner, Alice.	";;African Mythology (The Mythology of all Races VII). Boston, 1925.;http://archive.org/stream/themythologyofal07alexuoft#page/n9/mode/2up ;;;
1114;;;;;;;
1115;"*Werner, E. T. C.	";;Myths and Legends of China. London, 1922.;http://www.gutenberg.org/ebooks/15250?msg=welcome_stranger ;;;
1116;;;;;;;
1117;"Wesselski, Albert.	";;*Die SchwÑnke und Schnurren des Pfarrers Arlotto. 2 vols. Berlin. 1910.;;;;
1118;"Wesselski, Albert.	";;"				*Heinrich Bebels SchwÑnke. 2 vols. MÅnchen, 1907.";;;;
1119;"Wesselski, Albert.	";;"				*Erlesenes (Gesellschaft deutscher BÅcherfreunde in Bîhmen VIII). Prag, 1928.";;;;
1120;"Wesselski, Albert.	";;"				*Die Begebenheiten der beiden Gonnella. Weimar, 1920.";;;;
1121;"Wesselski, Albert.	";;"				*Der Hodscha Nasreddin. 2 vols. Weimar, 1911.";;;;
1122;"Wesselski, Albert.	";;"				*M‰rchen des Mittelalters. Berlin, 1925.";;;;
1123;"Wesselski, Albert.	";;"				*Mînchslatein. Leipzig, 1909.";;;;
1124;"Wesselski, Albert.	";;"				*Die Novellen Girolamo Morlinis. MÅnchen, n. d.";;;;
1125;"Wesselski, Albert.	";;"				Versuch einer Theorie des M‰rchens. Reichenberg i. B., 1931.";;;;
1126;;;;;;;
1127;"Wessman, V. E. V.	";;Fîrteckning îver SÑgentyperna (Finlands Svenska Folkdiktning II). Helsingfors, 1931.;;;;
1128;;;;;;;
1129;"WF				= Western Folklore (continuation of California Folklore Quarterly). Berkeley (Cal.), 1942 ff.";;;;;;
1130;;;;;;;
1131;"*Wheeler, Gerald Camden.	";;Mono-Alu Folklore. London, 1926. Tales referred to by number.;;;;
1132;;;;;;;
1133;"*Wilken, G. A.		";;Verspreide Geschriften. 4 vols. 'sGravenhage, 1912.;;;;
1134;;;;;;;
1135;"*Willans, R. H. K.	";;The Konnoh People (African Society Journal VIII [1908--09]).;https://academic.oup.com/afraf/article-abstract/VIII/XXX/130/9898/THE-KONNOH-PEOPLE?redirectedFrom=fulltext , https://academic.oup.com/afraf/article-abstract/VIII/XXXI/288/177022/THE-KONNOH-PEOPLE-PART-II?redirectedFrom=fulltext;;;
1136;;;;;;;
1137;"*Williams, C. A.	";;Oriental Affinities of the Legend of the Hairy Anchorite. Urbana (Ill.), 1925.;;;;
1138;;;;;;;
1139;"*Wimberly, L. C.	";;Folklore in the English and Scottish Ballads. Chicago, 1928.;"https://babel.hathitrust.org/cgi/pt?id=mdp.39015038902642;view=1up;seq=7 " ;
1140;;;;;;;
1141;"*Winger, Bjorn.	";;A Classification of Motifs in Eskimo Folk-Literature. (Unpublished M. A. thesis. Indiana University Library).;;;;
1142;;;;;;;
1143;"*Winter, Leo.		";;Die deutsche Schatzsage. Wattenscheid, 1925.;;;;
1144;;;;;;;
1145;"Wolf, W.			";;Der Mond im deutschen Volksglauben. BÅhl (Baden). 1929.;;;;
1146;;;;;;;
1147;"*Woodson, Carter Godwin.	";;African Myths. Washington, D. C., 1928.;;;;
1148;;;;;;;
1149;"WÅnsche, A.		";;Die Sagen vom Lebensbaum und Lebenswasser, altorientalische Mythen. Leipzig, 1905.;;;;
1150;"WÅnsche, A.		";;"				*Der Sagenkreis vom geprellten Teufel. Leipzig and Wien, 1905.";;;;
1151;;;;;;;
1152;;;;;;;
1153;*Ynglinga saga (ed. C. SÑve). Uppsala, 1854.;;;;;;
1154;;;;;;;
1155;*Yngvarssaga v°dfîrla (ed. E. Olson). Kobenhavn, 1912.;;;;;;
1156;;;;;;;
1157;;;;;;;
1158;*Zachariae, Theodor.;;Kleine Schriften. Bonn and Leipzig, 1920.;;;;
1159;;;;;;;
1160;Zingerle, I. V.;;Sagen aus Tirol. 2d ed. Innsbruck, 1891.;https://archive.org/details/bub_gb_4v8NAQAAIAAJ ;;;
1161;;;;;;;
1162;Zong in-Sob.;;Folk Tales from Korea. London, 1952.;;;;
1163;;;;;;;
1164;"ZsES				= Zeitschrift fÅr Eingeborenen-Sprachen.";;;;;;
1165;;;;;;;
1166;"ZsKS				= Zeitschrift fÅr Kolonialsprachen. Berlin, 1913 ff.";;;;;;
1167;;;;;;;
1168;"*Zs.f.Vksk.		= Zeitschrift des Vereins fÅr Volkskunde. 38 vols. Berlin, 1891--1928. Continued as Zeitschrift fÅr Volkskunde. Berlin, 1929 ff.";;;;;;
